bid_id,event_id,user_id,bid_amount,bid_time
B001,E001,U039,2300,2026-08-06 03:54
B002,E001,U076,900,2026-08-06 11:10
B003,E001,U026,1900,2026-08-07 08:18
B004,E001,U063,1350,2026-08-04 05:42
B005,E001,U049,2200,2026-08-08 17:25
B006,E001,U020,850,2026-08-02 06:27
B007,E001,U034,1300,2026-08-03 01:45
B008,E001,U002,1150,2026-08-07 03:27
B009,E001,U068,850,2026-08-03 06:23
B010,E001,U044,1350,2026-08-04 01:33
B011,E001,U073,750,2026-08-04 06:32
B012,E001,U076,2050,2026-08-03 03:55
B013,E001,U068,2050,2026-08-04 08:46
B014,E001,U053,1400,2026-08-05 02:07
B015,E001,U063,2050,2026-08-02 04:26
B016,E001,U063,1850,2026-08-03 10:58
B017,E001,U012,2000,2026-08-02 14:28
B018,E001,U058,1700,2026-08-05 08:50
B019,E001,U060,1500,2026-08-02 08:37
B020,E001,U047,1800,2026-08-05 05:30
B021,E001,U060,1500,2026-08-06 08:11
B022,E001,U070,2100,2026-08-04 03:03
B023,E001,U074,1150,2026-08-03 13:59
B024,E001,U062,2050,2026-08-02 09:46
B025,E001,U073,2200,2026-08-06 02:01
B026,E001,U042,1300,2026-08-06 20:16
B027,E001,U054,800,2026-08-03 14:00
B028,E001,U043,2100,2026-08-05 21:26
B029,E001,U036,1750,2026-08-04 02:29
B030,E001,U049,2100,2026-08-08 15:09
B031,E001,U047,1700,2026-08-05 17:36
B032,E001,U015,900,2026-08-02 02:05
B033,E001,U003,2250,2026-08-06 01:36
B034,E001,U074,1150,2026-08-06 23:45
B035,E001,U029,1300,2026-08-07 21:21
B036,E001,U074,1600,2026-08-04 17:14
B037,E001,U022,2350,2026-08-03 10:31
B038,E001,U057,1600,2026-08-05 01:12
B039,E001,U011,1100,2026-08-03 09:11
B040,E001,U007,2300,2026-08-02 13:33
B041,E001,U042,1600,2026-08-05 06:20
B042,E001,U002,2300,2026-08-08 14:20
B043,E001,U040,2300,2026-08-07 04:03
B044,E001,U018,1600,2026-08-03 04:46
B045,E001,U001,2000,2026-08-04 06:53
B046,E001,U027,1050,2026-08-02 23:24
B047,E001,U048,900,2026-08-06 15:26
B048,E001,U058,750,2026-08-02 13:42
B049,E001,U042,1450,2026-08-05 16:53
B050,E001,U069,1000,2026-08-04 18:40
B051,E001,U033,1750,2026-08-05 22:42
B052,E001,U080,1000,2026-08-07 03:45
B053,E001,U004,1850,2026-08-05 08:56
B054,E001,U015,2300,2026-08-02 03:49
B055,E001,U032,2200,2026-08-04 02:05
B056,E001,U051,1900,2026-08-03 02:52
B057,E001,U054,900,2026-08-05 16:19
B058,E001,U032,1000,2026-08-03 08:41
B059,E001,U017,1900,2026-08-05 16:38
B060,E001,U079,1400,2026-08-07 06:07
B061,E001,U018,1850,2026-08-06 13:44
B062,E001,U023,900,2026-08-05 00:11
B063,E001,U014,1200,2026-08-07 08:41
B064,E001,U073,2100,2026-08-03 06:55
B065,E001,U047,1450,2026-08-03 23:59
B066,E001,U009,900,2026-08-03 09:45
B067,E001,U071,2150,2026-08-05 08:39
B068,E001,U017,2300,2026-08-07 12:11
B069,E001,U012,2250,2026-08-06 15:12
B070,E001,U029,1650,2026-08-06 09:02
B071,E001,U016,1300,2026-08-02 21:18
B072,E001,U011,1150,2026-08-04 18:01
B073,E001,U026,2000,2026-08-08 10:14
B074,E001,U047,750,2026-08-04 02:06
B075,E001,U066,1550,2026-08-03 23:28
B076,E001,U066,1700,2026-08-03 04:05
B077,E001,U010,800,2026-08-04 21:11
B078,E001,U056,1750,2026-08-08 14:17
B079,E001,U016,1450,2026-08-08 00:07
B080,E001,U019,800,2026-08-08 19:41
B081,E002,U071,1850,2026-08-04 21:48
B082,E002,U050,3000,2026-08-07 10:34
B083,E002,U062,3400,2026-08-03 02:29
B084,E002,U069,2200,2026-08-06 20:03
B085,E002,U035,3450,2026-08-08 07:28
B086,E002,U034,2450,2026-08-08 04:11
B087,E002,U035,3200,2026-08-03 07:09
B088,E002,U058,2450,2026-08-07 20:16
B089,E002,U017,1700,2026-08-03 08:37
B090,E002,U037,2850,2026-08-07 06:19
B091,E002,U015,2350,2026-08-09 01:50
B092,E002,U012,3650,2026-08-08 10:54
B093,E002,U012,2850,2026-08-07 19:46
B094,E002,U039,1600,2026-08-05 08:01
B095,E002,U030,3400,2026-08-04 08:20
B096,E002,U020,2350,2026-08-07 15:50
B097,E002,U038,3250,2026-08-06 21:03
B098,E002,U035,3400,2026-08-05 12:38
B099,E002,U067,3550,2026-08-07 19:40
B100,E002,U055,2400,2026-08-06 10:58
B101,E002,U079,2600,2026-08-06 11:14
B102,E002,U080,2600,2026-08-03 17:19
B103,E002,U077,3600,2026-08-03 13:53
B104,E002,U047,2750,2026-08-05 01:02
B105,E002,U027,1800,2026-08-07 18:40
B106,E002,U034,2550,2026-08-09 13:48
B107,E002,U062,1500,2026-08-09 18:50
B108,E002,U013,3400,2026-08-06 20:03
B109,E002,U008,3200,2026-08-05 03:04
B110,E002,U066,1600,2026-08-04 08:24
B111,E002,U018,1650,2026-08-05 19:52
B112,E002,U054,1450,2026-08-05 23:04
B113,E002,U069,2300,2026-08-07 04:35
B114,E002,U066,3100,2026-08-03 04:05
B115,E002,U035,2850,2026-08-09 16:35
B116,E002,U079,3200,2026-08-08 11:26
B117,E002,U023,2500,2026-08-08 04:30
B118,E002,U025,2150,2026-08-07 03:55
B119,E002,U067,2800,2026-08-05 12:45
B120,E002,U046,1750,2026-08-07 13:35
B121,E002,U061,3400,2026-08-06 05:06
B122,E002,U030,3300,2026-08-05 12:53
B123,E002,U011,2500,2026-08-06 16:23
B124,E002,U054,2700,2026-08-06 20:27
B125,E002,U012,2200,2026-08-05 04:50
B126,E002,U027,2700,2026-08-06 04:33
B127,E002,U040,2200,2026-08-03 00:57
B128,E002,U070,1900,2026-08-03 21:12
B129,E002,U062,2500,2026-08-06 13:47
B130,E002,U041,3250,2026-08-08 17:46
B131,E002,U078,2850,2026-08-08 16:21
B132,E002,U039,3200,2026-08-07 10:05
B133,E002,U076,2150,2026-08-02 20:19
B134,E002,U059,3500,2026-08-07 17:15
B135,E002,U075,1650,2026-08-03 08:51
B136,E002,U057,1550,2026-08-05 11:31
B137,E002,U067,3050,2026-08-05 15:59
B138,E002,U032,2000,2026-08-07 15:23
B139,E002,U037,3350,2026-08-06 21:04
B140,E002,U017,2150,2026-08-04 00:00
B141,E002,U059,3450,2026-08-04 21:04
B142,E002,U018,2900,2026-08-08 02:31
B143,E002,U072,2700,2026-08-09 06:00
B144,E002,U074,1800,2026-08-05 11:35
B145,E002,U027,2900,2026-08-06 13:51
B146,E002,U029,3100,2026-08-03 14:33
B147,E002,U047,2750,2026-08-05 09:31
B148,E002,U013,2400,2026-08-07 11:36
B149,E002,U080,1950,2026-08-07 09:32
B150,E002,U006,1650,2026-08-03 08:43
B151,E002,U059,2100,2026-08-05 11:00
B152,E002,U069,3550,2026-08-09 16:41
B153,E002,U053,1600,2026-08-04 09:19
B154,E002,U065,3000,2026-08-03 00:00
B155,E002,U041,2050,2026-08-03 07:09
B156,E002,U059,2850,2026-08-04 13:11
B157,E002,U021,1700,2026-08-07 05:01
B158,E002,U069,3400,2026-08-05 01:28
B159,E002,U053,2000,2026-08-04 19:03
B160,E002,U035,2100,2026-08-07 11:33
B161,E003,U048,1700,2026-08-05 18:21
B162,E003,U066,3600,2026-08-10 14:31
B163,E003,U075,3000,2026-08-06 10:09
B164,E003,U051,2600,2026-08-04 11:08
B165,E003,U037,2400,2026-08-05 14:48
B166,E003,U036,3250,2026-08-05 08:00
B167,E003,U063,4000,2026-08-04 14:44
B168,E003,U046,4000,2026-08-05 13:24
B169,E003,U002,1300,2026-08-04 03:20
B170,E003,U053,2450,2026-08-07 00:34
B171,E003,U053,2500,2026-08-10 09:46
B172,E003,U038,3100,2026-08-10 08:42
B173,E003,U005,2900,2026-08-05 20:43
B174,E003,U074,2850,2026-08-03 20:01
B175,E003,U068,2100,2026-08-06 20:36
B176,E003,U060,3050,2026-08-06 04:51
B177,E003,U026,2000,2026-08-09 23:32
B178,E003,U047,2750,2026-08-06 14:58
B179,E003,U037,1300,2026-08-09 09:42
B180,E003,U060,3950,2026-08-09 18:25
B181,E003,U066,1750,2026-08-05 21:31
B182,E003,U022,1700,2026-08-04 13:44
B183,E003,U042,1850,2026-08-05 09:46
B184,E003,U024,1900,2026-08-07 22:39
B185,E003,U069,2350,2026-08-06 16:58
B186,E003,U019,3350,2026-08-04 01:38
B187,E003,U056,3200,2026-08-06 00:23
B188,E003,U011,2750,2026-08-08 08:02
B189,E003,U042,4000,2026-08-05 12:45
B190,E003,U063,3750,2026-08-09 13:14
B191,E003,U008,2800,2026-08-06 16:08
B192,E003,U068,3350,2026-08-05 09:05
B193,E003,U064,2600,2026-08-08 00:42
B194,E003,U016,4100,2026-08-07 21:55
B195,E003,U063,3600,2026-08-10 04:01
B196,E003,U070,1300,2026-08-03 23:37
B197,E003,U076,2350,2026-08-10 16:07
B198,E003,U074,3650,2026-08-07 00:07
B199,E003,U006,2650,2026-08-05 11:32
B200,E003,U034,3300,2026-08-06 19:20
B201,E003,U026,3850,2026-08-07 02:57
B202,E003,U076,2250,2026-08-05 10:28
B203,E003,U076,3200,2026-08-09 02:33
B204,E003,U025,1450,2026-08-05 02:51
B205,E003,U073,1450,2026-08-08 09:36
B206,E003,U049,1450,2026-08-08 12:42
B207,E003,U016,2000,2026-08-08 21:55
B208,E003,U057,3350,2026-08-05 07:43
B209,E003,U054,3600,2026-08-07 13:04
B210,E003,U025,3850,2026-08-04 16:42
B211,E003,U051,3400,2026-08-05 07:03
B212,E003,U010,3900,2026-08-04 03:21
B213,E003,U050,3000,2026-08-09 19:48
B214,E003,U059,3450,2026-08-09 15:49
B215,E003,U019,1800,2026-08-08 04:47
B216,E003,U044,1350,2026-08-10 07:54
B217,E003,U055,2550,2026-08-08 02:52
B218,E004,U065,2200,2026-08-07 13:24
B219,E004,U030,2800,2026-08-06 02:24
B220,E004,U035,2150,2026-08-11 18:16
B221,E004,U039,2150,2026-08-09 04:53
B222,E004,U065,2850,2026-08-07 00:41
B223,E004,U027,1900,2026-08-09 07:23
B224,E004,U048,3000,2026-08-05 12:15
B225,E004,U018,2650,2026-08-08 01:25
B226,E004,U032,2950,2026-08-08 18:10
B227,E004,U039,2850,2026-08-05 22:49
B228,E004,U044,1350,2026-08-09 09:55
B229,E004,U070,1350,2026-08-10 13:12
B230,E004,U067,1700,2026-08-05 16:46
B231,E004,U003,1750,2026-08-08 01:40
B232,E004,U057,1200,2026-08-10 21:14
B233,E004,U040,1300,2026-08-11 13:09
B234,E004,U022,1850,2026-08-08 21:21
B235,E004,U073,1350,2026-08-05 09:00
B236,E004,U057,2400,2026-08-11 07:16
B237,E004,U026,1750,2026-08-09 08:44
B238,E004,U022,1400,2026-08-11 03:01
B239,E004,U044,2400,2026-08-08 06:13
B240,E004,U031,2500,2026-08-07 00:38
B241,E004,U079,2650,2026-08-09 03:55
B242,E004,U065,1950,2026-08-07 23:47
B243,E004,U035,2050,2026-08-07 09:59
B244,E004,U004,1200,2026-08-05 11:06
B245,E004,U020,2650,2026-08-10 20:55
B246,E004,U069,2550,2026-08-09 12:53
B247,E004,U074,1350,2026-08-08 12:55
B248,E004,U030,2950,2026-08-05 04:44
B249,E004,U003,1350,2026-08-05 18:54
B250,E004,U075,2550,2026-08-11 18:41
B251,E004,U057,2200,2026-08-05 06:04
B252,E004,U044,2600,2026-08-11 09:30
B253,E004,U010,2050,2026-08-09 03:13
B254,E004,U039,1200,2026-08-11 02:36
B255,E004,U061,1350,2026-08-09 08:52
B256,E004,U079,2550,2026-08-10 09:36
B257,E004,U049,2900,2026-08-05 11:51
B258,E004,U039,3050,2026-08-06 16:49
B259,E004,U060,1200,2026-08-05 05:18
B260,E004,U045,1950,2026-08-07 08:54
B261,E004,U049,2700,2026-08-11 08:04
B262,E004,U060,1900,2026-08-07 02:28
B263,E004,U043,1600,2026-08-09 18:33
B264,E004,U080,2950,2026-08-10 15:28
B265,E004,U040,2550,2026-08-08 21:36
B266,E004,U065,3000,2026-08-11 06:56
B267,E004,U035,2850,2026-08-05 03:30
B268,E004,U062,1550,2026-08-09 19:38
B269,E004,U017,1350,2026-08-06 16:44
B270,E004,U014,2350,2026-08-09 03:45
B271,E004,U026,1850,2026-08-09 07:48
B272,E004,U076,1500,2026-08-11 15:16
B273,E004,U010,1500,2026-08-06 08:54
B274,E004,U080,1100,2026-08-11 03:51
B275,E004,U069,1700,2026-08-09 18:56
B276,E004,U044,2200,2026-08-10 11:04
B277,E004,U006,2900,2026-08-07 17:41
B278,E004,U064,2150,2026-08-09 09:20
B279,E004,U051,2750,2026-08-09 02:44
B280,E004,U008,3000,2026-08-05 05:51
B281,E004,U009,1750,2026-08-08 03:04
B282,E004,U070,1100,2026-08-09 05:13
B283,E004,U029,1650,2026-08-06 12:48
B284,E004,U018,2700,2026-08-10 14:10
B285,E004,U010,1250,2026-08-07 16:48
B286,E004,U049,2300,2026-08-05 16:09
B287,E004,U017,2650,2026-08-06 04:28
B288,E004,U018,2550,2026-08-08 00:11
B289,E004,U058,2600,2026-08-09 00:38
B290,E004,U061,1200,2026-08-06 08:02
B291,E004,U070,2650,2026-08-08 21:34
B292,E004,U003,1950,2026-08-08 20:31
B293,E004,U060,1850,2026-08-09 21:51
B294,E004,U073,2500,2026-08-10 06:04
B295,E004,U048,1900,2026-08-11 11:28
B296,E004,U019,2550,2026-08-09 09:18
B297,E004,U038,1950,2026-08-10 12:51
B298,E005,U025,1900,2026-08-12 06:41
B299,E005,U024,3700,2026-08-12 07:52
B300,E005,U067,2700,2026-08-11 02:35
B301,E005,U069,3400,2026-08-12 09:24
B302,E005,U007,2400,2026-08-09 02:12
B303,E005,U040,2650,2026-08-12 07:33
B304,E005,U059,1950,2026-08-07 13:45
B305,E005,U021,3300,2026-08-11 18:41
B306,E005,U012,2250,2026-08-06 17:19
B307,E005,U059,1800,2026-08-08 21:11
B308,E005,U026,2000,2026-08-05 21:16
B309,E005,U056,3700,2026-08-10 15:11
B310,E005,U044,2250,2026-08-11 01:15
B311,E005,U041,2000,2026-08-10 21:47
B312,E005,U040,1800,2026-08-11 16:11
B313,E005,U048,2650,2026-08-07 04:07
B314,E005,U072,4000,2026-08-06 13:26
B315,E005,U042,4000,2026-08-07 07:24
B316,E005,U076,2700,2026-08-06 22:42
B317,E005,U015,2600,2026-08-10 19:33
B318,E005,U045,2600,2026-08-08 20:50
B319,E005,U079,3950,2026-08-08 12:43
B320,E005,U011,3350,2026-08-10 01:15
B321,E005,U046,3100,2026-08-08 20:35
B322,E005,U065,4050,2026-08-08 12:07
B323,E005,U007,3350,2026-08-05 21:57
B324,E005,U056,4000,2026-08-11 13:03
B325,E005,U052,3650,2026-08-08 16:46
B326,E005,U034,3800,2026-08-10 09:46
B327,E005,U021,3150,2026-08-11 20:23
B328,E005,U049,3600,2026-08-10 11:14
B329,E005,U058,3200,2026-08-07 00:57
B330,E005,U037,3650,2026-08-10 21:04
B331,E005,U040,3500,2026-08-07 05:56
B332,E005,U043,3700,2026-08-07 22:24
B333,E005,U051,2200,2026-08-07 00:38
B334,E005,U064,2550,2026-08-12 05:30
B335,E005,U043,1850,2026-08-09 06:39
B336,E005,U035,4050,2026-08-07 21:04
B337,E005,U032,2750,2026-08-11 11:24
B338,E005,U044,3550,2026-08-08 04:21
B339,E005,U004,1450,2026-08-11 23:23
B340,E005,U010,3100,2026-08-09 11:24
B341,E005,U073,2350,2026-08-09 15:38
B342,E005,U003,3800,2026-08-07 16:53
B343,E005,U016,4000,2026-08-10 23:18
B344,E005,U066,1450,2026-08-08 17:54
B345,E005,U015,2250,2026-08-08 02:58
B346,E005,U041,2500,2026-08-08 06:15
B347,E005,U019,1800,2026-08-10 13:18
B348,E005,U002,3600,2026-08-10 16:19
B349,E005,U055,3200,2026-08-08 09:46
B350,E005,U066,4050,2026-08-11 04:57
B351,E005,U023,2600,2026-08-07 13:08
B352,E005,U075,2800,2026-08-06 04:45
B353,E005,U041,2150,2026-08-09 07:16
B354,E005,U073,3050,2026-08-12 03:59
B355,E005,U035,2650,2026-08-09 05:41
B356,E005,U029,2050,2026-08-06 11:26
B357,E005,U077,3750,2026-08-11 09:25
B358,E005,U001,3650,2026-08-11 21:01
B359,E005,U035,4050,2026-08-11 10:55
B360,E005,U003,4000,2026-08-12 09:04
B361,E005,U062,3350,2026-08-09 10:03
B362,E005,U034,1700,2026-08-09 10:43
B363,E005,U046,2200,2026-08-10 14:48
B364,E005,U063,3450,2026-08-09 08:52
B365,E005,U064,3150,2026-08-05 23:29
B366,E005,U041,4100,2026-08-09 20:32
B367,E005,U059,3650,2026-08-09 17:38
B368,E005,U074,4100,2026-08-12 10:12
B369,E005,U053,3100,2026-08-08 12:05
B370,E005,U020,1750,2026-08-11 16:47
B371,E005,U070,3350,2026-08-11 00:18
B372,E005,U051,2800,2026-08-09 00:49
B373,E005,U054,2400,2026-08-06 08:33
B374,E005,U016,2350,2026-08-10 01:19
B375,E005,U055,2400,2026-08-09 12:39
B376,E005,U043,1900,2026-08-08 09:50
B377,E005,U020,1850,2026-08-11 06:06
B378,E006,U072,500,2026-08-06 21:39
B379,E006,U060,600,2026-08-12 04:08
B380,E006,U044,900,2026-08-08 11:18
B381,E006,U009,750,2026-08-11 16:31
B382,E006,U060,550,2026-08-10 01:11
B383,E006,U042,500,2026-08-12 17:26
B384,E006,U039,550,2026-08-10 15:39
B385,E006,U037,350,2026-08-13 01:33
B386,E006,U039,550,2026-08-07 03:09
B387,E006,U043,800,2026-08-07 15:42
B388,E006,U061,500,2026-08-11 01:02
B389,E006,U010,450,2026-08-10 08:53
B390,E006,U074,850,2026-08-07 17:36
B391,E006,U016,800,2026-08-11 04:34
B392,E006,U029,400,2026-08-10 21:16
B393,E006,U033,800,2026-08-07 22:14
B394,E006,U052,950,2026-08-11 18:37
B395,E006,U077,500,2026-08-09 00:48
B396,E006,U014,700,2026-08-08 11:14
B397,E006,U044,350,2026-08-08 01:12
B398,E006,U064,900,2026-08-11 19:56
B399,E006,U072,550,2026-08-10 00:58
B400,E006,U046,600,2026-08-08 13:05
B401,E006,U067,450,2026-08-10 05:58
B402,E006,U053,800,2026-08-13 08:02
B403,E006,U037,900,2026-08-09 03:53
B404,E006,U052,700,2026-08-10 08:06
B405,E006,U042,850,2026-08-13 05:04
B406,E006,U018,700,2026-08-11 23:58
B407,E006,U037,850,2026-08-06 20:52
B408,E006,U055,400,2026-08-09 12:44
B409,E006,U019,650,2026-08-08 09:41
B410,E006,U043,900,2026-08-08 21:09
B411,E006,U071,400,2026-08-10 03:49
B412,E006,U080,950,2026-08-08 15:03
B413,E006,U054,450,2026-08-07 05:12
B414,E006,U075,700,2026-08-11 10:45
B415,E006,U014,800,2026-08-12 05:55
B416,E006,U027,400,2026-08-11 15:51
B417,E006,U072,950,2026-08-07 04:49
B418,E006,U047,800,2026-08-12 17:31
B419,E006,U025,1050,2026-08-06 21:38
B420,E006,U014,550,2026-08-12 08:14
B421,E006,U031,1000,2026-08-10 05:48
B422,E006,U019,1050,2026-08-07 14:34
B423,E006,U058,400,2026-08-10 17:19
B424,E006,U043,700,2026-08-13 17:11
B425,E006,U011,950,2026-08-08 11:02
B426,E006,U053,450,2026-08-11 14:09
B427,E006,U038,500,2026-08-10 15:28
B428,E006,U032,650,2026-08-06 21:01
B429,E006,U026,600,2026-08-10 20:59
B430,E006,U076,850,2026-08-12 12:30
B431,E006,U050,900,2026-08-07 01:37
B432,E006,U001,700,2026-08-08 04:43
B433,E006,U043,1050,2026-08-10 13:08
B434,E006,U075,700,2026-08-09 09:17
B435,E006,U038,800,2026-08-08 06:26
B436,E006,U038,700,2026-08-11 12:14
B437,E006,U042,450,2026-08-07 21:26
B438,E006,U063,650,2026-08-12 17:20
B439,E006,U067,550,2026-08-07 06:44
B440,E006,U046,450,2026-08-07 20:29
B441,E006,U003,900,2026-08-07 11:10
B442,E006,U025,500,2026-08-09 20:17
B443,E006,U023,850,2026-08-12 20:27
B444,E006,U008,650,2026-08-13 06:01
B445,E006,U024,600,2026-08-06 18:39
B446,E006,U033,750,2026-08-10 07:31
B447,E006,U073,800,2026-08-09 16:38
B448,E006,U050,900,2026-08-11 09:34
B449,E006,U070,1000,2026-08-10 11:49
B450,E006,U049,400,2026-08-08 02:02
B451,E006,U073,1000,2026-08-10 12:35
B452,E006,U025,450,2026-08-06 18:05
B453,E006,U013,450,2026-08-12 03:40
B454,E006,U018,1000,2026-08-13 04:11
B455,E006,U070,1050,2026-08-13 02:30
B456,E006,U020,750,2026-08-09 00:28
B457,E006,U053,800,2026-08-13 06:10
B458,E007,U037,2400,2026-08-11 16:53
B459,E007,U025,2650,2026-08-13 00:03
B460,E007,U078,1300,2026-08-10 11:55
B461,E007,U059,3650,2026-08-14 10:51
B462,E007,U009,2200,2026-08-12 23:44
B463,E007,U029,3250,2026-08-13 21:29
B464,E007,U008,1400,2026-08-12 05:19
B465,E007,U019,1550,2026-08-08 11:42
B466,E007,U079,3850,2026-08-12 20:54
B467,E007,U006,2850,2026-08-12 00:08
B468,E007,U044,3050,2026-08-14 02:02
B469,E007,U036,3500,2026-08-11 09:50
B470,E007,U016,1550,2026-08-07 21:50
B471,E007,U078,1650,2026-08-11 06:00
B472,E007,U079,2850,2026-08-12 21:43
B473,E007,U032,2000,2026-08-08 03:45
B474,E007,U044,1900,2026-08-14 07:44
B475,E007,U048,1900,2026-08-10 21:35
B476,E007,U048,2550,2026-08-09 15:24
B477,E007,U042,2650,2026-08-07 22:13
B478,E007,U040,1600,2026-08-10 17:08
B479,E007,U037,2050,2026-08-08 09:31
B480,E007,U022,3450,2026-08-11 02:17
B481,E007,U063,2350,2026-08-10 06:30
B482,E007,U014,3400,2026-08-13 19:57
B483,E007,U068,3350,2026-08-10 14:49
B484,E007,U048,3000,2026-08-11 00:36
B485,E007,U011,2250,2026-08-08 17:57
B486,E007,U057,2700,2026-08-11 23:36
B487,E007,U059,2700,2026-08-09 12:39
B488,E007,U049,3550,2026-08-11 06:03
B489,E007,U045,1600,2026-08-08 23:07
B490,E007,U067,2300,2026-08-08 16:30
B491,E007,U036,3900,2026-08-13 05:47
B492,E007,U047,2550,2026-08-11 20:13
B493,E007,U052,2450,2026-08-13 09:40
B494,E007,U069,1300,2026-08-10 23:23
B495,E007,U073,3100,2026-08-10 11:10
B496,E007,U033,2300,2026-08-10 22:05
B497,E007,U074,1300,2026-08-09 09:19
B498,E007,U018,1400,2026-08-14 17:21
B499,E007,U048,1400,2026-08-12 13:47
B500,E007,U074,3850,2026-08-11 10:52
B501,E007,U070,3550,2026-08-13 18:34
B502,E007,U025,2850,2026-08-08 01:58
B503,E007,U026,2750,2026-08-14 05:28
B504,E007,U012,2950,2026-08-14 16:57
B505,E007,U024,2700,2026-08-09 06:10
B506,E007,U078,3900,2026-08-09 13:18
B507,E007,U045,2700,2026-08-09 01:19
B508,E007,U021,3550,2026-08-09 22:08
B509,E007,U004,1600,2026-08-11 13:37
B510,E007,U028,2200,2026-08-14 13:17
B511,E007,U058,3450,2026-08-12 20:14
B512,E007,U056,1600,2026-08-12 14:13
B513,E007,U009,2100,2026-08-14 00:57
B514,E007,U049,3000,2026-08-09 15:32
B515,E007,U001,3900,2026-08-12 15:30
B516,E007,U033,3700,2026-08-13 11:16
B517,E007,U003,3600,2026-08-14 12:21
B518,E007,U029,3150,2026-08-13 00:30
B519,E007,U042,3200,2026-08-08 04:42
B520,E007,U080,1700,2026-08-11 12:47
B521,E007,U036,3300,2026-08-13 02:48
B522,E007,U048,3350,2026-08-13 12:31
B523,E007,U006,2650,2026-08-11 01:52
B524,E007,U055,2100,2026-08-10 02:35
B525,E007,U025,3500,2026-08-13 08:21
B526,E007,U008,1750,2026-08-13 22:09
B527,E007,U010,2600,2026-08-14 07:38
B528,E007,U059,3700,2026-08-14 15:10
B529,E007,U049,2300,2026-08-11 10:46
B530,E007,U012,3850,2026-08-13 01:55
B531,E007,U003,1950,2026-08-09 21:25
B532,E007,U076,1700,2026-08-12 18:41
B533,E007,U031,3850,2026-08-11 00:01
B534,E007,U080,2850,2026-08-10 19:36
B535,E007,U029,1950,2026-08-09 17:14
B536,E007,U026,2100,2026-08-10 01:26
B537,E007,U040,2250,2026-08-13 19:41
B538,E008,U001,1150,2026-08-13 17:21
B539,E008,U003,2450,2026-08-12 01:17
B540,E008,U016,2500,2026-08-11 15:33
B541,E008,U075,1800,2026-08-15 17:40
B542,E008,U031,1950,2026-08-09 20:22
B543,E008,U062,2500,2026-08-12 17:04
B544,E008,U020,1400,2026-08-15 15:09
B545,E008,U072,1950,2026-08-13 07:19
B546,E008,U080,1450,2026-08-15 04:37
B547,E008,U042,1050,2026-08-08 22:45
B548,E008,U070,2500,2026-08-13 20:59
B549,E008,U007,2450,2026-08-15 09:25
B550,E008,U076,2450,2026-08-15 15:17
B551,E008,U038,1750,2026-08-13 14:40
B552,E008,U077,1000,2026-08-10 03:57
B553,E008,U020,2100,2026-08-15 00:26
B554,E008,U035,1950,2026-08-12 21:26
B555,E008,U029,1700,2026-08-11 03:46
B556,E008,U017,1100,2026-08-09 09:36
B557,E008,U059,2100,2026-08-09 19:10
B558,E008,U062,1850,2026-08-10 02:40
B559,E008,U040,1950,2026-08-15 08:47
B560,E008,U017,1750,2026-08-09 22:35
B561,E008,U080,2550,2026-08-15 03:56
B562,E008,U008,1200,2026-08-10 20:17
B563,E008,U020,1200,2026-08-10 04:40
B564,E008,U054,2050,2026-08-13 11:59
B565,E008,U080,2350,2026-08-08 20:09
B566,E008,U080,2450,2026-08-10 03:07
B567,E008,U042,2350,2026-08-15 13:15
B568,E008,U027,2200,2026-08-15 16:33
B569,E008,U061,1250,2026-08-12 07:54
B570,E008,U069,1650,2026-08-13 14:56
B571,E008,U037,1100,2026-08-10 07:58
B572,E008,U068,1950,2026-08-09 09:16
B573,E008,U063,900,2026-08-10 07:50
B574,E008,U054,900,2026-08-12 08:50
B575,E008,U005,1700,2026-08-11 19:31
B576,E008,U016,2050,2026-08-13 19:27
B577,E008,U015,1000,2026-08-13 02:42
B578,E008,U044,1950,2026-08-12 20:35
B579,E008,U010,1700,2026-08-09 07:26
B580,E008,U005,2500,2026-08-12 00:23
B581,E008,U022,2350,2026-08-12 07:48
B582,E008,U013,2450,2026-08-11 19:26
B583,E008,U068,1300,2026-08-15 11:38
B584,E008,U078,1150,2026-08-13 22:26
B585,E008,U058,2400,2026-08-11 16:22
B586,E008,U007,1800,2026-08-13 17:45
B587,E008,U015,1200,2026-08-12 04:51
B588,E008,U043,900,2026-08-09 06:49
B589,E008,U065,1950,2026-08-14 01:08
B590,E008,U046,1850,2026-08-11 13:04
B591,E008,U036,2300,2026-08-13 00:21
B592,E008,U078,1600,2026-08-13 05:36
B593,E008,U054,1250,2026-08-12 14:48
B594,E008,U011,2500,2026-08-15 17:43
B595,E008,U033,2550,2026-08-12 11:37
B596,E008,U070,1500,2026-08-10 12:53
B597,E008,U018,2550,2026-08-14 17:14
B598,E008,U074,1950,2026-08-13 18:28
B599,E008,U002,2250,2026-08-12 23:05
B600,E008,U065,950,2026-08-13 19:37
B601,E008,U013,2100,2026-08-12 12:13
B602,E008,U023,2000,2026-08-11 01:50
B603,E008,U065,1900,2026-08-14 19:29
B604,E008,U075,1750,2026-08-11 12:06
B605,E008,U074,1650,2026-08-15 15:55
B606,E008,U045,1700,2026-08-08 20:29
B607,E008,U048,1000,2026-08-13 20:14
B608,E008,U053,950,2026-08-09 17:43
B609,E008,U025,2200,2026-08-09 16:11
B610,E008,U020,1950,2026-08-14 13:12
B611,E008,U016,2200,2026-08-12 21:15
B612,E008,U060,1900,2026-08-12 12:06
B613,E008,U045,1600,2026-08-14 11:13
B614,E008,U030,1050,2026-08-11 00:46
B615,E008,U049,2050,2026-08-09 19:43
B616,E008,U016,2350,2026-08-13 10:53
B617,E008,U071,2500,2026-08-14 15:55
B618,E009,U039,600,2026-08-16 10:57
B619,E009,U072,900,2026-08-16 12:23
B620,E009,U064,700,2026-08-11 05:27
B621,E009,U064,600,2026-08-12 03:20
B622,E009,U058,700,2026-08-15 03:45
B623,E009,U037,1300,2026-08-13 20:58
B624,E009,U070,1000,2026-08-10 13:01
B625,E009,U004,1400,2026-08-13 06:03
B626,E009,U062,750,2026-08-12 08:33
B627,E009,U035,1400,2026-08-10 11:08
B628,E009,U039,1250,2026-08-10 15:49
B629,E009,U075,850,2026-08-09 23:03
B630,E009,U013,1150,2026-08-11 09:58
B631,E009,U052,1100,2026-08-13 12:51
B632,E009,U002,1050,2026-08-13 09:46
B633,E009,U075,600,2026-08-14 20:52
B634,E009,U005,1100,2026-08-12 10:56
B635,E009,U079,750,2026-08-16 10:47
B636,E009,U044,900,2026-08-10 06:33
B637,E009,U061,950,2026-08-16 17:28
B638,E009,U049,1100,2026-08-13 10:17
B639,E009,U009,1350,2026-08-15 23:07
B640,E009,U077,900,2026-08-14 13:41
B641,E009,U009,550,2026-08-09 19:51
B642,E009,U044,850,2026-08-14 06:56
B643,E009,U055,1400,2026-08-13 09:03
B644,E009,U046,800,2026-08-15 13:54
B645,E009,U037,1400,2026-08-10 17:48
B646,E009,U060,1200,2026-08-14 11:04
B647,E009,U023,1300,2026-08-10 10:32
B648,E009,U037,1200,2026-08-10 21:56
B649,E009,U032,1000,2026-08-14 20:13
B650,E009,U065,1050,2026-08-11 22:17
B651,E009,U069,950,2026-08-11 10:17
B652,E009,U038,600,2026-08-11 09:00
B653,E009,U069,1450,2026-08-13 23:16
B654,E009,U033,550,2026-08-16 17:45
B655,E009,U017,650,2026-08-15 22:42
B656,E009,U079,1250,2026-08-15 13:59
B657,E009,U067,800,2026-08-13 22:08
B658,E009,U009,800,2026-08-16 17:19
B659,E009,U054,600,2026-08-09 23:57
B660,E009,U055,1400,2026-08-10 04:59
B661,E009,U033,1300,2026-08-12 05:53
B662,E009,U058,1200,2026-08-12 19:26
B663,E009,U062,750,2026-08-14 14:10
B664,E009,U060,1150,2026-08-14 17:10
B665,E009,U006,700,2026-08-14 19:55
B666,E009,U006,1200,2026-08-15 18:41
B667,E009,U058,1400,2026-08-16 04:56
B668,E009,U047,1150,2026-08-14 15:56
B669,E009,U029,600,2026-08-14 02:51
B670,E009,U046,1300,2026-08-13 23:28
B671,E009,U022,1100,2026-08-16 12:19
B672,E009,U069,600,2026-08-13 20:53
B673,E009,U063,1050,2026-08-15 03:42
B674,E009,U018,900,2026-08-11 08:55
B675,E009,U050,600,2026-08-12 06:29
B676,E009,U051,950,2026-08-16 12:09
B677,E009,U051,1100,2026-08-11 14:00
B678,E009,U028,700,2026-08-13 01:10
B679,E009,U068,1000,2026-08-11 17:08
B680,E009,U077,1150,2026-08-13 01:38
B681,E009,U025,850,2026-08-15 08:56
B682,E009,U001,1150,2026-08-15 13:22
B683,E009,U049,600,2026-08-14 10:43
B684,E009,U069,800,2026-08-16 01:08
B685,E009,U076,1450,2026-08-14 06:08
B686,E009,U044,1350,2026-08-15 19:26
B687,E009,U066,800,2026-08-12 21:57
B688,E009,U036,1350,2026-08-10 00:51
B689,E009,U060,1300,2026-08-11 09:15
B690,E009,U001,700,2026-08-10 13:50
B691,E009,U076,1000,2026-08-13 16:03
B692,E009,U031,1300,2026-08-10 02:02
B693,E009,U034,1400,2026-08-14 13:20
B694,E009,U036,1250,2026-08-11 15:46
B695,E009,U065,900,2026-08-14 04:22
B696,E009,U049,1150,2026-08-12 19:23
B697,E009,U055,650,2026-08-15 22:36
B698,E010,U043,2350,2026-08-16 00:34
B699,E010,U017,3350,2026-08-12 19:33
B700,E010,U057,3350,2026-08-11 01:36
B701,E010,U014,2700,2026-08-14 07:13
B702,E010,U028,1550,2026-08-12 06:14
B703,E010,U005,2550,2026-08-15 08:04
B704,E010,U046,2550,2026-08-16 15:11
B705,E010,U026,2450,2026-08-15 08:57
B706,E010,U054,2550,2026-08-12 08:33
B707,E010,U062,2950,2026-08-12 21:24
B708,E010,U017,3200,2026-08-10 22:48
B709,E010,U038,3550,2026-08-12 21:13
B710,E010,U024,2700,2026-08-17 13:53
B711,E010,U021,1850,2026-08-17 03:09
B712,E010,U047,2200,2026-08-15 20:29
B713,E010,U026,1900,2026-08-14 17:05
B714,E010,U002,3000,2026-08-14 00:12
B715,E010,U012,2650,2026-08-13 23:22
B716,E010,U004,3150,2026-08-17 05:12
B717,E010,U003,3550,2026-08-17 01:01
B718,E010,U006,3050,2026-08-13 20:37
B719,E010,U055,2000,2026-08-16 13:29
B720,E010,U023,2800,2026-08-16 15:16
B721,E010,U033,2300,2026-08-13 10:57
B722,E010,U036,2050,2026-08-11 18:42
B723,E010,U066,1950,2026-08-14 09:12
B724,E010,U039,3100,2026-08-16 03:30
B725,E010,U072,2600,2026-08-11 18:19
B726,E010,U071,3000,2026-08-16 04:04
B727,E010,U037,2850,2026-08-14 09:07
B728,E010,U046,3550,2026-08-16 14:42
B729,E010,U043,1800,2026-08-12 04:42
B730,E010,U008,3300,2026-08-10 21:14
B731,E010,U028,3100,2026-08-13 22:57
B732,E010,U025,2450,2026-08-12 22:27
B733,E010,U074,2100,2026-08-15 21:24
B734,E010,U054,2800,2026-08-17 04:10
B735,E010,U026,2750,2026-08-15 13:57
B736,E010,U058,2050,2026-08-15 14:56
B737,E010,U037,3200,2026-08-16 15:57
B738,E010,U007,3100,2026-08-17 02:13
B739,E010,U053,1150,2026-08-13 02:00
B740,E010,U067,1550,2026-08-17 05:36
B741,E010,U001,2550,2026-08-15 10:02
B742,E010,U055,1600,2026-08-11 22:22
B743,E010,U068,1750,2026-08-14 15:09
B744,E010,U022,3200,2026-08-11 21:22
B745,E010,U047,1250,2026-08-12 08:13
B746,E010,U003,1350,2026-08-12 07:11
B747,E010,U077,1350,2026-08-11 11:17
B748,E010,U021,1750,2026-08-13 23:38
B749,E010,U069,3150,2026-08-15 07:15
B750,E010,U010,1800,2026-08-10 23:12
B751,E010,U019,2250,2026-08-13 06:17
B752,E010,U011,3000,2026-08-15 02:43
B753,E010,U045,1300,2026-08-14 05:04
B754,E010,U073,1800,2026-08-14 14:21
B755,E010,U020,2000,2026-08-16 14:54
B756,E010,U014,2950,2026-08-13 22:33
B757,E010,U034,2050,2026-08-14 05:24
B758,E010,U008,2400,2026-08-12 12:43
B759,E010,U025,2550,2026-08-12 13:31
B760,E010,U058,1500,2026-08-17 13:47
B761,E010,U002,3450,2026-08-13 03:11
B762,E010,U060,1500,2026-08-14 01:51
B763,E010,U013,3450,2026-08-15 14:23
B764,E010,U067,3050,2026-08-12 02:59
B765,E010,U037,3300,2026-08-14 07:19
B766,E010,U003,2800,2026-08-14 05:56
B767,E010,U072,2400,2026-08-13 02:46
B768,E010,U078,1900,2026-08-14 09:47
B769,E010,U068,2050,2026-08-12 03:14
B770,E010,U079,1200,2026-08-14 20:46
B771,E010,U029,2500,2026-08-13 12:51
B772,E010,U052,3450,2026-08-11 19:01
B773,E010,U061,2850,2026-08-15 17:10
B774,E010,U073,2550,2026-08-14 08:40
B775,E010,U007,2300,2026-08-16 10:55
B776,E010,U061,2800,2026-08-15 05:49
B777,E010,U060,1800,2026-08-14 16:21
