event_id,timestamp,views,clicks,wishlists,registrations
E001,2026-07-11 20:00,545,127,88,25
E001,2026-07-11 23:00,550,154,106,62
E001,2026-07-12 02:00,544,214,106,65
E001,2026-07-12 05:00,609,99,131,53
E001,2026-07-12 08:00,585,215,123,69
E001,2026-07-12 11:00,558,122,99,13
E001,2026-07-12 14:00,594,235,100,46
E001,2026-07-12 17:00,561,161,107,37
E001,2026-07-12 20:00,576,190,119,27
E001,2026-07-12 23:00,549,81,91,27
E001,2026-07-13 02:00,601,187,119,20
E001,2026-07-13 05:00,537,148,86,27
E001,2026-07-13 08:00,603,230,128,53
E001,2026-07-13 11:00,571,129,125,31
E001,2026-07-13 14:00,571,214,127,16
E001,2026-07-13 17:00,597,204,107,28
E001,2026-07-13 20:00,560,193,101,50
E001,2026-07-13 23:00,572,126,98,45
E001,2026-07-14 02:00,590,151,104,50
E001,2026-07-14 05:00,549,103,93,61
E001,2026-07-14 08:00,569,225,113,59
E001,2026-07-14 11:00,552,133,90,23
E001,2026-07-14 14:00,543,103,98,55
E001,2026-07-14 17:00,608,81,124,49
E001,2026-07-14 20:00,553,98,112,53
E001,2026-07-14 23:00,557,118,120,33
E001,2026-07-15 02:00,589,89,132,56
E001,2026-07-15 05:00,565,98,97,66
E001,2026-07-15 08:00,555,202,111,61
E001,2026-07-15 11:00,612,101,110,68
E001,2026-07-15 14:00,555,168,93,43
E001,2026-07-15 17:00,596,137,105,29
E001,2026-07-15 20:00,611,134,117,15
E001,2026-07-15 23:00,602,191,136,49
E001,2026-07-16 02:00,578,182,102,31
E001,2026-07-16 05:00,542,213,124,57
E001,2026-07-16 08:00,608,208,103,42
E001,2026-07-16 11:00,545,88,122,54
E001,2026-07-16 14:00,585,108,102,63
E001,2026-07-16 17:00,562,116,111,41
E001,2026-07-16 20:00,567,124,108,36
E001,2026-07-16 23:00,610,138,133,67
E001,2026-07-17 02:00,627,82,132,72
E001,2026-07-17 05:00,592,139,124,62
E001,2026-07-17 08:00,581,123,128,39
E001,2026-07-17 11:00,580,113,94,52
E001,2026-07-17 14:00,573,107,94,28
E001,2026-07-17 17:00,582,140,126,57
E001,2026-07-17 20:00,544,214,87,41
E001,2026-07-17 23:00,626,235,100,38
E001,2026-07-18 02:00,572,216,122,37
E001,2026-07-18 05:00,570,117,109,62
E001,2026-07-18 08:00,580,126,117,52
E001,2026-07-18 11:00,613,113,140,13
E001,2026-07-18 14:00,618,101,121,68
E001,2026-07-18 17:00,547,182,107,50
E001,2026-07-18 20:00,588,95,109,29
E001,2026-07-18 23:00,544,158,119,41
E001,2026-07-19 02:00,585,158,111,24
E001,2026-07-19 05:00,616,131,135,33
E001,2026-07-19 08:00,611,91,102,27
E001,2026-07-19 11:00,601,108,121,72
E001,2026-07-19 14:00,612,168,103,43
E001,2026-07-19 17:00,623,191,101,31
E001,2026-07-19 20:00,603,75,105,24
E001,2026-07-19 23:00,606,119,112,48
E001,2026-07-20 02:00,621,148,141,23
E001,2026-07-20 05:00,596,160,99,45
E001,2026-07-20 08:00,602,183,131,63
E001,2026-07-20 11:00,570,184,120,25
E001,2026-07-20 14:00,632,107,105,68
E001,2026-07-20 17:00,635,84,142,20
E001,2026-07-20 20:00,586,124,109,34
E001,2026-07-20 23:00,634,113,103,45
E001,2026-07-21 02:00,626,140,115,39
E001,2026-07-21 05:00,617,151,134,33
E001,2026-07-21 08:00,567,116,116,24
E001,2026-07-21 11:00,568,210,129,34
E001,2026-07-21 14:00,557,148,110,28
E001,2026-07-21 17:00,585,179,102,57
E001,2026-07-21 20:00,553,81,111,42
E001,2026-07-21 23:00,639,184,124,75
E001,2026-07-22 02:00,628,146,123,36
E001,2026-07-22 05:00,643,154,120,22
E001,2026-07-22 08:00,613,86,118,36
E001,2026-07-22 11:00,596,90,122,38
E001,2026-07-22 14:00,626,148,135,36
E001,2026-07-22 17:00,566,174,95,45
E001,2026-07-22 20:00,584,217,108,32
E001,2026-07-22 23:00,630,182,102,33
E001,2026-07-23 02:00,621,123,121,27
E001,2026-07-23 05:00,610,208,130,47
E001,2026-07-23 08:00,581,223,115,14
E001,2026-07-23 11:00,586,116,101,36
E001,2026-07-23 14:00,606,82,118,24
E001,2026-07-23 17:00,600,210,119,64
E001,2026-07-23 20:00,612,114,138,16
E001,2026-07-23 23:00,612,142,133,36
E001,2026-07-24 02:00,611,155,110,62
E001,2026-07-24 05:00,638,121,115,50
E001,2026-07-24 08:00,596,72,127,62
E001,2026-07-24 11:00,599,97,112,70
E001,2026-07-24 14:00,655,150,110,38
E001,2026-07-24 17:00,612,83,132,29
E001,2026-07-24 20:00,599,102,131,45
E001,2026-07-24 23:00,591,75,114,48
E001,2026-07-25 02:00,650,175,122,39
E001,2026-07-25 05:00,669,84,113,79
E001,2026-07-25 08:00,683,154,130,62
E001,2026-07-25 11:00,685,101,112,35
E001,2026-07-25 14:00,671,248,122,57
E001,2026-07-25 17:00,644,104,105,24
E001,2026-07-25 20:00,636,149,130,33
E001,2026-07-25 23:00,652,141,141,52
E001,2026-07-26 02:00,653,80,115,38
E001,2026-07-26 05:00,669,198,151,60
E001,2026-07-26 08:00,699,102,159,67
E001,2026-07-26 11:00,662,127,146,59
E001,2026-07-26 14:00,663,162,116,66
E001,2026-07-26 17:00,641,202,118,56
E001,2026-07-26 20:00,687,159,152,63
E001,2026-07-26 23:00,685,128,142,39
E001,2026-07-27 02:00,677,197,138,73
E001,2026-07-27 05:00,717,179,148,73
E001,2026-07-27 08:00,650,255,128,37
E001,2026-07-27 11:00,653,122,105,18
E001,2026-07-27 14:00,701,140,121,69
E001,2026-07-27 17:00,702,168,127,44
E001,2026-07-27 20:00,682,240,122,45
E001,2026-07-27 23:00,700,149,136,68
E001,2026-07-28 02:00,761,223,169,68
E001,2026-07-28 05:00,687,201,117,24
E001,2026-07-28 08:00,734,294,134,43
E001,2026-07-28 11:00,756,228,149,30
E001,2026-07-28 14:00,766,283,175,82
E001,2026-07-28 17:00,776,125,142,50
E001,2026-07-28 20:00,754,243,130,63
E001,2026-07-28 23:00,749,230,172,72
E001,2026-07-29 02:00,787,95,141,18
E001,2026-07-29 05:00,774,206,161,43
E001,2026-07-29 08:00,775,113,147,72
E001,2026-07-29 11:00,782,193,129,76
E001,2026-07-29 14:00,767,112,135,73
E001,2026-07-29 17:00,757,261,146,62
E001,2026-07-29 20:00,836,302,167,63
E001,2026-07-29 23:00,842,168,143,29
E001,2026-07-30 02:00,845,259,164,57
E001,2026-07-30 05:00,870,193,190,67
E001,2026-07-30 08:00,813,158,178,16
E001,2026-07-30 11:00,826,240,136,49
E001,2026-07-30 14:00,841,308,165,74
E001,2026-07-30 17:00,845,318,153,93
E001,2026-07-30 20:00,833,133,157,87
E001,2026-07-30 23:00,917,199,195,98
E001,2026-07-31 02:00,929,257,200,63
E001,2026-07-31 05:00,934,130,207,81
E001,2026-07-31 08:00,888,188,175,55
E001,2026-07-31 11:00,922,274,198,49
E001,2026-07-31 14:00,888,302,177,91
E001,2026-07-31 17:00,908,337,204,41
E001,2026-07-31 20:00,969,180,201,61
E001,2026-07-31 23:00,988,230,162,99
E001,2026-08-01 02:00,984,280,180,46
E001,2026-08-01 05:00,998,172,165,115
E001,2026-08-01 08:00,970,125,191,116
E001,2026-08-01 11:00,1016,283,177,34
E001,2026-08-01 14:00,979,200,203,114
E001,2026-08-01 17:00,1030,315,182,94
E001,2026-08-01 20:00,1042,314,226,38
E001,2026-08-01 23:00,1053,253,232,116
E001,2026-08-02 02:00,1040,386,207,72
E001,2026-08-02 05:00,1075,332,226,85
E001,2026-08-02 08:00,1087,260,205,69
E001,2026-08-02 11:00,1084,318,185,107
E001,2026-08-02 14:00,1061,220,179,36
E001,2026-08-02 17:00,1118,408,228,60
E001,2026-08-02 20:00,1132,416,212,106
E001,2026-08-02 23:00,1180,376,234,131
E001,2026-08-03 02:00,1115,233,241,73
E001,2026-08-03 05:00,1155,142,258,27
E001,2026-08-03 08:00,1152,328,237,68
E001,2026-08-03 11:00,1162,412,202,71
E001,2026-08-03 14:00,1181,197,203,69
E001,2026-08-03 17:00,1245,192,243,69
E001,2026-08-03 20:00,1224,338,206,68
E001,2026-08-03 23:00,1216,222,235,98
E001,2026-08-04 02:00,1255,395,225,112
E001,2026-08-04 05:00,1250,437,228,144
E001,2026-08-04 08:00,1262,330,227,61
E001,2026-08-04 11:00,1282,320,243,96
E001,2026-08-04 14:00,1292,506,249,97
E001,2026-08-04 17:00,1297,236,274,139
E001,2026-08-04 20:00,1295,442,281,145
E001,2026-08-04 23:00,1322,477,301,96
E001,2026-08-05 02:00,1360,252,277,146
E001,2026-08-05 05:00,1357,322,259,84
E001,2026-08-05 08:00,1305,499,222,43
E001,2026-08-05 11:00,1396,257,258,64
E001,2026-08-05 14:00,1332,262,299,144
E001,2026-08-05 17:00,1362,414,241,79
E001,2026-08-05 20:00,1342,172,225,97
E001,2026-08-05 23:00,1377,533,257,42
E001,2026-08-06 02:00,1398,550,234,145
E001,2026-08-06 05:00,1445,351,320,128
E001,2026-08-06 08:00,1431,319,275,145
E001,2026-08-06 11:00,1378,340,289,160
E001,2026-08-06 14:00,1427,421,244,47
E001,2026-08-06 17:00,1461,207,324,155
E001,2026-08-06 20:00,1476,374,312,88
E001,2026-08-06 23:00,1476,473,251,31
E001,2026-08-07 02:00,1487,324,323,57
E001,2026-08-07 05:00,1508,544,324,129
E001,2026-08-07 08:00,1453,547,282,111
E001,2026-08-07 11:00,1462,546,293,109
E001,2026-08-07 14:00,1528,254,325,119
E001,2026-08-07 17:00,1493,371,271,104
E001,2026-08-07 20:00,1528,192,289,164
E001,2026-08-07 23:00,1507,485,338,67
E001,2026-08-08 02:00,1514,465,253,115
E001,2026-08-08 05:00,1511,368,335,82
E001,2026-08-08 08:00,1495,215,286,108
E001,2026-08-08 11:00,1538,383,273,100
E001,2026-08-08 14:00,1568,606,253,70
E001,2026-08-08 17:00,1516,352,258,45
E001,2026-08-08 20:00,1578,223,311,63
E001,2026-08-08 23:00,1538,245,304,143
E001,2026-08-09 02:00,1570,476,317,176
E001,2026-08-09 05:00,1559,488,329,105
E001,2026-08-09 08:00,1571,437,290,158
E001,2026-08-09 11:00,1529,232,328,60
E001,2026-08-09 14:00,1553,455,343,112
E001,2026-08-09 17:00,1607,524,307,186
E001,2026-08-09 20:00,1548,308,282,178
E001,2026-08-09 23:00,1562,359,305,74
E001,2026-08-10 02:00,1565,209,283,129
E001,2026-08-10 05:00,1609,213,318,78
E001,2026-08-10 08:00,1608,260,357,178
E001,2026-08-10 11:00,1636,342,332,190
E001,2026-08-10 14:00,1620,456,334,76
E001,2026-08-10 17:00,1591,323,322,82
E002,2026-07-12 19:00,311,53,42,33
E002,2026-07-12 22:00,325,125,37,19
E002,2026-07-13 01:00,270,97,34,32
E002,2026-07-13 04:00,260,38,35,27
E002,2026-07-13 07:00,277,89,29,30
E002,2026-07-13 10:00,283,94,45,19
E002,2026-07-13 13:00,347,62,44,13
E002,2026-07-13 16:00,278,65,31,30
E002,2026-07-13 19:00,270,42,41,21
E002,2026-07-13 22:00,306,67,40,16
E002,2026-07-14 01:00,317,116,46,7
E002,2026-07-14 04:00,274,40,38,13
E002,2026-07-14 07:00,338,120,57,17
E002,2026-07-14 10:00,307,65,34,20
E002,2026-07-14 13:00,292,54,50,13
E002,2026-07-14 16:00,296,59,50,17
E002,2026-07-14 19:00,264,92,34,14
E002,2026-07-14 22:00,275,36,40,13
E002,2026-07-15 01:00,350,132,58,36
E002,2026-07-15 04:00,312,48,40,25
E002,2026-07-15 07:00,298,44,40,6
E002,2026-07-15 10:00,311,114,52,24
E002,2026-07-15 13:00,338,106,49,22
E002,2026-07-15 16:00,298,47,36,16
E002,2026-07-15 19:00,285,42,37,7
E002,2026-07-15 22:00,276,60,43,12
E002,2026-07-16 01:00,288,58,35,27
E002,2026-07-16 04:00,271,83,37,21
E002,2026-07-16 07:00,335,98,40,11
E002,2026-07-16 10:00,275,43,33,26
E002,2026-07-16 13:00,327,71,38,16
E002,2026-07-16 16:00,294,65,43,25
E002,2026-07-16 19:00,310,64,54,36
E002,2026-07-16 22:00,284,39,46,13
E002,2026-07-17 01:00,290,48,41,24
E002,2026-07-17 04:00,332,67,38,11
E002,2026-07-17 07:00,261,56,29,12
E002,2026-07-17 10:00,350,96,44,21
E002,2026-07-17 13:00,338,60,40,35
E002,2026-07-17 16:00,294,98,47,23
E002,2026-07-17 19:00,262,82,35,8
E002,2026-07-17 22:00,318,121,49,19
E002,2026-07-18 01:00,330,114,48,19
E002,2026-07-18 04:00,275,83,37,22
E002,2026-07-18 07:00,309,100,35,19
E002,2026-07-18 10:00,325,80,56,32
E002,2026-07-18 13:00,264,85,37,10
E002,2026-07-18 16:00,351,57,50,33
E002,2026-07-18 19:00,319,117,45,15
E002,2026-07-18 22:00,290,57,31,17
E002,2026-07-19 01:00,332,115,55,18
E002,2026-07-19 04:00,327,97,45,24
E002,2026-07-19 07:00,268,81,42,17
E002,2026-07-19 10:00,330,109,37,20
E002,2026-07-19 13:00,264,72,39,19
E002,2026-07-19 16:00,313,76,37,22
E002,2026-07-19 19:00,349,124,50,15
E002,2026-07-19 22:00,278,42,46,29
E002,2026-07-20 01:00,307,37,40,31
E002,2026-07-20 04:00,329,57,47,28
E002,2026-07-20 07:00,323,62,40,15
E002,2026-07-20 10:00,326,93,47,15
E002,2026-07-20 13:00,278,38,44,29
E002,2026-07-20 16:00,313,72,40,15
E002,2026-07-20 19:00,302,46,51,30
E002,2026-07-20 22:00,270,56,43,14
E002,2026-07-21 01:00,271,48,33,14
E002,2026-07-21 04:00,279,107,30,10
E002,2026-07-21 07:00,283,54,44,9
E002,2026-07-21 10:00,307,45,41,35
E002,2026-07-21 13:00,302,47,52,36
E002,2026-07-21 16:00,350,44,41,14
E002,2026-07-21 19:00,314,112,34,36
E002,2026-07-21 22:00,295,59,43,31
E002,2026-07-22 01:00,316,92,51,15
E002,2026-07-22 04:00,325,122,38,24
E002,2026-07-22 07:00,305,64,32,24
E002,2026-07-22 10:00,317,89,34,20
E002,2026-07-22 13:00,339,105,38,27
E002,2026-07-22 16:00,279,87,34,10
E002,2026-07-22 19:00,307,114,44,8
E002,2026-07-22 22:00,336,43,38,34
E002,2026-07-23 01:00,291,49,36,28
E002,2026-07-23 04:00,317,106,46,8
E002,2026-07-23 07:00,301,85,34,35
E002,2026-07-23 10:00,353,116,61,19
E002,2026-07-23 13:00,276,50,36,17
E002,2026-07-23 16:00,354,96,54,24
E002,2026-07-23 19:00,305,108,38,31
E002,2026-07-23 22:00,329,100,43,23
E002,2026-07-24 01:00,292,61,51,8
E002,2026-07-24 04:00,327,102,35,37
E002,2026-07-24 07:00,363,75,49,35
E002,2026-07-24 10:00,288,54,47,32
E002,2026-07-24 13:00,335,101,36,34
E002,2026-07-24 16:00,297,52,45,30
E002,2026-07-24 19:00,355,61,55,35
E002,2026-07-24 22:00,328,114,57,19
E002,2026-07-25 01:00,354,58,61,22
E002,2026-07-25 04:00,366,84,50,20
E002,2026-07-25 07:00,290,109,47,31
E002,2026-07-25 10:00,337,107,48,34
E002,2026-07-25 13:00,300,88,39,18
E002,2026-07-25 16:00,303,101,38,19
E002,2026-07-25 19:00,359,44,55,18
E002,2026-07-25 22:00,292,74,41,8
E002,2026-07-26 01:00,349,69,57,25
E002,2026-07-26 04:00,303,46,50,22
E002,2026-07-26 07:00,372,51,47,44
E002,2026-07-26 10:00,320,126,51,14
E002,2026-07-26 13:00,298,118,38,12
E002,2026-07-26 16:00,360,113,40,21
E002,2026-07-26 19:00,346,127,51,31
E002,2026-07-26 22:00,302,103,43,24
E002,2026-07-27 01:00,374,68,54,20
E002,2026-07-27 04:00,374,121,63,24
E002,2026-07-27 07:00,318,52,38,24
E002,2026-07-27 10:00,367,69,64,33
E002,2026-07-27 13:00,384,145,57,34
E002,2026-07-27 16:00,332,62,41,28
E002,2026-07-27 19:00,385,72,58,39
E002,2026-07-27 22:00,340,136,43,25
E002,2026-07-28 01:00,313,61,35,28
E002,2026-07-28 04:00,393,150,54,11
E002,2026-07-28 07:00,315,93,33,24
E002,2026-07-28 10:00,345,99,45,25
E002,2026-07-28 13:00,390,147,64,20
E002,2026-07-28 16:00,352,65,44,16
E002,2026-07-28 19:00,350,110,57,32
E002,2026-07-28 22:00,343,133,53,25
E002,2026-07-29 01:00,357,132,44,11
E002,2026-07-29 04:00,392,150,60,42
E002,2026-07-29 07:00,359,101,38,25
E002,2026-07-29 10:00,379,85,44,39
E002,2026-07-29 13:00,407,161,67,12
E002,2026-07-29 16:00,359,79,41,17
E002,2026-07-29 19:00,367,136,42,33
E002,2026-07-29 22:00,429,53,63,9
E002,2026-07-30 01:00,414,51,53,26
E002,2026-07-30 04:00,414,89,44,12
E002,2026-07-30 07:00,372,144,63,42
E002,2026-07-30 10:00,361,106,52,24
E002,2026-07-30 13:00,443,83,60,16
E002,2026-07-30 16:00,403,70,44,18
E002,2026-07-30 19:00,449,119,72,12
E002,2026-07-30 22:00,377,66,65,35
E002,2026-07-31 01:00,441,116,53,36
E002,2026-07-31 04:00,375,70,62,18
E002,2026-07-31 07:00,438,171,54,42
E002,2026-07-31 10:00,456,110,51,16
E002,2026-07-31 13:00,430,88,67,12
E002,2026-07-31 16:00,419,62,69,27
E002,2026-07-31 19:00,459,149,78,35
E002,2026-07-31 22:00,400,69,62,15
E002,2026-08-01 01:00,401,147,47,25
E002,2026-08-01 04:00,468,131,70,13
E002,2026-08-01 07:00,413,115,62,14
E002,2026-08-01 10:00,495,77,63,17
E002,2026-08-01 13:00,462,76,49,15
E002,2026-08-01 16:00,512,156,83,57
E002,2026-08-01 19:00,470,64,54,51
E002,2026-08-01 22:00,450,120,74,11
E002,2026-08-02 01:00,455,144,78,39
E002,2026-08-02 04:00,449,85,57,54
E002,2026-08-02 07:00,495,139,62,37
E002,2026-08-02 10:00,540,117,61,36
E002,2026-08-02 13:00,478,91,54,13
E002,2026-08-02 16:00,496,169,81,46
E002,2026-08-02 19:00,515,114,90,40
E002,2026-08-02 22:00,477,149,77,20
E002,2026-08-03 01:00,501,106,79,22
E002,2026-08-03 04:00,493,116,81,51
E002,2026-08-03 07:00,516,87,57,42
E002,2026-08-03 10:00,507,162,72,45
E002,2026-08-03 13:00,502,105,55,15
E002,2026-08-03 16:00,561,109,90,42
E002,2026-08-03 19:00,540,136,90,34
E002,2026-08-03 22:00,523,102,89,60
E002,2026-08-04 01:00,566,203,80,19
E002,2026-08-04 04:00,612,177,64,46
E002,2026-08-04 07:00,560,149,62,56
E002,2026-08-04 10:00,541,69,84,23
E002,2026-08-04 13:00,556,158,66,62
E002,2026-08-04 16:00,610,229,94,32
E002,2026-08-04 19:00,580,190,100,69
E002,2026-08-04 22:00,569,192,65,33
E002,2026-08-05 01:00,587,163,80,69
E002,2026-08-05 04:00,564,144,94,52
E002,2026-08-05 07:00,600,182,97,25
E002,2026-08-05 10:00,616,138,68,19
E002,2026-08-05 13:00,582,212,100,24
E002,2026-08-05 16:00,626,240,98,28
E002,2026-08-05 19:00,643,138,97,45
E002,2026-08-05 22:00,608,221,97,56
E002,2026-08-06 01:00,658,245,82,70
E002,2026-08-06 04:00,680,264,93,33
E002,2026-08-06 07:00,611,203,66,33
E002,2026-08-06 10:00,685,261,79,73
E002,2026-08-06 13:00,648,189,96,30
E002,2026-08-06 16:00,694,227,97,34
E002,2026-08-06 19:00,650,150,75,68
E002,2026-08-06 22:00,683,158,80,48
E002,2026-08-07 01:00,715,139,92,63
E002,2026-08-07 04:00,714,184,81,43
E002,2026-08-07 07:00,676,87,96,25
E002,2026-08-07 10:00,661,134,102,21
E002,2026-08-07 13:00,668,209,98,31
E002,2026-08-07 16:00,726,148,94,25
E002,2026-08-07 19:00,658,134,103,25
E002,2026-08-07 22:00,655,172,105,60
E002,2026-08-08 01:00,711,255,89,74
E002,2026-08-08 04:00,718,190,82,40
E002,2026-08-08 07:00,731,240,83,22
E002,2026-08-08 10:00,690,263,117,58
E002,2026-08-08 13:00,698,243,110,78
E002,2026-08-08 16:00,675,161,77,25
E002,2026-08-08 19:00,725,215,104,64
E002,2026-08-08 22:00,737,278,90,20
E002,2026-08-09 01:00,748,204,124,55
E002,2026-08-09 04:00,716,220,91,21
E002,2026-08-09 07:00,706,132,109,68
E002,2026-08-09 10:00,689,247,103,28
E002,2026-08-09 13:00,728,120,109,45
E002,2026-08-09 16:00,696,184,102,31
E002,2026-08-09 19:00,752,92,114,83
E002,2026-08-09 22:00,701,251,104,63
E002,2026-08-10 01:00,761,230,98,88
E002,2026-08-10 04:00,716,211,124,20
E002,2026-08-10 07:00,748,162,104,59
E002,2026-08-10 10:00,793,277,100,56
E002,2026-08-10 13:00,769,301,125,35
E002,2026-08-10 16:00,760,250,114,80
E002,2026-08-10 19:00,721,248,77,66
E002,2026-08-10 22:00,725,187,118,58
E002,2026-08-11 01:00,766,156,117,80
E002,2026-08-11 04:00,736,127,89,51
E002,2026-08-11 07:00,746,261,89,78
E002,2026-08-11 10:00,751,158,115,30
E002,2026-08-11 13:00,744,124,127,35
E002,2026-08-11 16:00,790,310,92,84
E003,2026-07-13 18:00,487,119,97,14
E003,2026-07-13 21:00,447,113,91,39
E003,2026-07-14 00:00,493,125,83,56
E003,2026-07-14 03:00,501,84,72,52
E003,2026-07-14 06:00,448,137,66,30
E003,2026-07-14 09:00,464,81,85,16
E003,2026-07-14 12:00,460,180,84,25
E003,2026-07-14 15:00,437,141,64,10
E003,2026-07-14 18:00,428,89,84,41
E003,2026-07-14 21:00,492,172,79,28
E003,2026-07-15 00:00,499,155,91,11
E003,2026-07-15 03:00,470,100,90,48
E003,2026-07-15 06:00,436,165,84,31
E003,2026-07-15 09:00,440,71,73,12
E003,2026-07-15 12:00,470,79,71,15
E003,2026-07-15 15:00,488,62,74,35
E003,2026-07-15 18:00,432,118,81,22
E003,2026-07-15 21:00,456,169,71,17
E003,2026-07-16 00:00,462,132,71,39
E003,2026-07-16 03:00,416,141,59,20
E003,2026-07-16 06:00,453,158,85,19
E003,2026-07-16 09:00,470,130,73,18
E003,2026-07-16 12:00,472,178,67,24
E003,2026-07-16 15:00,442,144,87,21
E003,2026-07-16 18:00,496,79,88,12
E003,2026-07-16 21:00,499,84,70,51
E003,2026-07-17 00:00,436,105,74,21
E003,2026-07-17 03:00,476,125,67,54
E003,2026-07-17 06:00,487,75,78,29
E003,2026-07-17 09:00,440,135,67,45
E003,2026-07-17 12:00,494,127,77,15
E003,2026-07-17 15:00,450,130,72,35
E003,2026-07-17 18:00,485,170,78,41
E003,2026-07-17 21:00,451,81,81,29
E003,2026-07-18 00:00,477,78,74,34
E003,2026-07-18 03:00,450,63,80,36
E003,2026-07-18 06:00,448,161,83,49
E003,2026-07-18 09:00,447,156,73,29
E003,2026-07-18 12:00,449,80,92,17
E003,2026-07-18 15:00,485,172,86,14
E003,2026-07-18 18:00,481,169,81,22
E003,2026-07-18 21:00,490,195,81,23
E003,2026-07-19 00:00,455,76,80,35
E003,2026-07-19 03:00,427,123,71,11
E003,2026-07-19 06:00,498,70,100,44
E003,2026-07-19 09:00,429,138,81,28
E003,2026-07-19 12:00,457,81,81,25
E003,2026-07-19 15:00,459,134,79,25
E003,2026-07-19 18:00,441,101,84,22
E003,2026-07-19 21:00,469,151,84,23
E003,2026-07-20 00:00,500,176,90,51
E003,2026-07-20 03:00,422,104,85,9
E003,2026-07-20 06:00,443,95,67,36
E003,2026-07-20 09:00,443,125,81,37
E003,2026-07-20 12:00,450,139,70,14
E003,2026-07-20 15:00,435,114,73,36
E003,2026-07-20 18:00,462,102,93,13
E003,2026-07-20 21:00,458,111,63,37
E003,2026-07-21 00:00,484,187,94,17
E003,2026-07-21 03:00,421,69,59,39
E003,2026-07-21 06:00,442,169,87,32
E003,2026-07-21 09:00,455,130,81,33
E003,2026-07-21 12:00,483,96,95,36
E003,2026-07-21 15:00,478,94,77,10
E003,2026-07-21 18:00,446,115,65,16
E003,2026-07-21 21:00,426,67,67,28
E003,2026-07-22 00:00,502,196,79,35
E003,2026-07-22 03:00,424,71,72,35
E003,2026-07-22 06:00,495,92,72,37
E003,2026-07-22 09:00,424,158,75,34
E003,2026-07-22 12:00,498,190,92,53
E003,2026-07-22 15:00,504,198,86,18
E003,2026-07-22 18:00,446,100,79,32
E003,2026-07-22 21:00,436,141,90,18
E003,2026-07-23 00:00,489,158,92,43
E003,2026-07-23 03:00,484,103,72,21
E003,2026-07-23 06:00,478,59,70,35
E003,2026-07-23 09:00,498,196,94,55
E003,2026-07-23 12:00,470,172,82,39
E003,2026-07-23 15:00,430,151,83,11
E003,2026-07-23 18:00,446,136,76,36
E003,2026-07-23 21:00,483,83,79,50
E003,2026-07-24 00:00,503,157,95,17
E003,2026-07-24 03:00,494,157,68,43
E003,2026-07-24 06:00,502,92,93,57
E003,2026-07-24 09:00,490,109,77,35
E003,2026-07-24 12:00,454,131,67,47
E003,2026-07-24 15:00,458,145,65,50
E003,2026-07-24 18:00,435,122,77,51
E003,2026-07-24 21:00,513,67,92,14
E003,2026-07-25 00:00,441,101,86,44
E003,2026-07-25 03:00,500,165,68,22
E003,2026-07-25 06:00,469,87,66,44
E003,2026-07-25 09:00,455,87,88,35
E003,2026-07-25 12:00,450,162,64,13
E003,2026-07-25 15:00,454,98,77,42
E003,2026-07-25 18:00,531,191,77,52
E003,2026-07-25 21:00,457,154,67,36
E003,2026-07-26 00:00,507,106,74,39
E003,2026-07-26 03:00,515,155,84,29
E003,2026-07-26 06:00,448,121,80,49
E003,2026-07-26 09:00,485,151,91,26
E003,2026-07-26 12:00,507,65,94,11
E003,2026-07-26 15:00,539,67,100,32
E003,2026-07-26 18:00,537,112,78,17
E003,2026-07-26 21:00,488,115,75,18
E003,2026-07-27 00:00,502,156,80,39
E003,2026-07-27 03:00,491,137,86,45
E003,2026-07-27 06:00,537,106,77,57
E003,2026-07-27 09:00,539,66,110,33
E003,2026-07-27 12:00,489,193,70,34
E003,2026-07-27 15:00,556,147,108,45
E003,2026-07-27 18:00,553,113,76,66
E003,2026-07-27 21:00,502,183,92,31
E003,2026-07-28 00:00,490,160,68,29
E003,2026-07-28 03:00,540,162,82,14
E003,2026-07-28 06:00,517,187,96,11
E003,2026-07-28 09:00,517,89,81,20
E003,2026-07-28 12:00,495,143,79,54
E003,2026-07-28 15:00,508,150,91,29
E003,2026-07-28 18:00,569,176,95,36
E003,2026-07-28 21:00,572,224,115,36
E003,2026-07-29 00:00,519,77,98,26
E003,2026-07-29 03:00,508,120,70,22
E003,2026-07-29 06:00,562,136,109,14
E003,2026-07-29 09:00,560,168,100,57
E003,2026-07-29 12:00,537,126,82,16
E003,2026-07-29 15:00,596,182,83,66
E003,2026-07-29 18:00,574,70,114,29
E003,2026-07-29 21:00,565,224,116,40
E003,2026-07-30 00:00,527,177,80,18
E003,2026-07-30 03:00,547,76,105,42
E003,2026-07-30 06:00,543,78,103,53
E003,2026-07-30 09:00,552,201,98,13
E003,2026-07-30 12:00,617,226,88,56
E003,2026-07-30 15:00,584,180,111,37
E003,2026-07-30 18:00,549,164,105,48
E003,2026-07-30 21:00,604,97,95,48
E003,2026-07-31 00:00,614,158,107,35
E003,2026-07-31 03:00,584,89,116,19
E003,2026-07-31 06:00,625,189,127,33
E003,2026-07-31 09:00,650,187,109,28
E003,2026-07-31 12:00,665,146,107,55
E003,2026-07-31 15:00,663,143,124,41
E003,2026-07-31 18:00,628,245,91,28
E003,2026-07-31 21:00,611,204,108,33
E003,2026-08-01 00:00,665,207,108,71
E003,2026-08-01 03:00,614,159,104,53
E003,2026-08-01 06:00,613,197,104,34
E003,2026-08-01 09:00,628,240,99,44
E003,2026-08-01 12:00,647,91,133,18
E003,2026-08-01 15:00,684,197,127,52
E003,2026-08-01 18:00,682,84,114,21
E003,2026-08-01 21:00,664,88,131,35
E003,2026-08-02 00:00,705,104,108,47
E003,2026-08-02 03:00,737,133,114,34
E003,2026-08-02 06:00,706,131,98,32
E003,2026-08-02 09:00,678,167,107,62
E003,2026-08-02 12:00,736,100,141,53
E003,2026-08-02 15:00,748,140,142,45
E003,2026-08-02 18:00,748,225,127,17
E003,2026-08-02 21:00,789,105,118,17
E003,2026-08-03 00:00,775,161,148,53
E003,2026-08-03 03:00,760,132,114,27
E003,2026-08-03 06:00,795,184,111,56
E003,2026-08-03 09:00,778,281,109,60
E003,2026-08-03 12:00,811,236,112,74
E003,2026-08-03 15:00,782,275,125,78
E003,2026-08-03 18:00,802,173,149,40
E003,2026-08-03 21:00,827,105,139,87
E003,2026-08-04 00:00,845,143,147,36
E003,2026-08-04 03:00,845,286,142,57
E003,2026-08-04 06:00,873,156,123,98
E003,2026-08-04 09:00,842,318,137,84
E003,2026-08-04 12:00,859,214,139,59
E003,2026-08-04 15:00,840,188,121,40
E003,2026-08-04 18:00,868,176,135,34
E003,2026-08-04 21:00,892,257,168,81
E003,2026-08-05 00:00,888,230,159,39
E003,2026-08-05 03:00,879,131,164,24
E003,2026-08-05 06:00,884,310,146,64
E003,2026-08-05 09:00,895,252,148,81
E003,2026-08-05 12:00,931,330,152,60
E003,2026-08-05 15:00,924,165,180,100
E003,2026-08-05 18:00,990,360,194,48
E003,2026-08-05 21:00,945,362,151,49
E003,2026-08-06 00:00,980,248,158,98
E003,2026-08-06 03:00,985,126,201,83
E003,2026-08-06 06:00,936,196,160,107
E003,2026-08-06 09:00,961,255,165,89
E003,2026-08-06 12:00,962,180,165,96
E003,2026-08-06 15:00,1017,297,202,48
E003,2026-08-06 18:00,1019,136,167,31
E003,2026-08-06 21:00,1023,158,148,23
E003,2026-08-07 00:00,1038,340,163,116
E003,2026-08-07 03:00,1068,161,149,115
E003,2026-08-07 06:00,1077,415,205,44
E003,2026-08-07 09:00,1055,204,146,98
E003,2026-08-07 12:00,1069,150,207,58
E003,2026-08-07 15:00,1071,302,173,101
E003,2026-08-07 18:00,1039,219,186,106
E003,2026-08-07 21:00,1060,390,203,84
E003,2026-08-08 00:00,1071,182,210,73
E003,2026-08-08 03:00,1107,347,224,32
E003,2026-08-08 06:00,1068,156,161,35
E003,2026-08-08 09:00,1097,283,182,118
E003,2026-08-08 12:00,1078,136,207,121
E003,2026-08-08 15:00,1118,193,187,106
E003,2026-08-08 18:00,1150,460,201,137
E003,2026-08-08 21:00,1114,262,167,89
E003,2026-08-09 00:00,1091,247,208,99
E003,2026-08-09 03:00,1131,300,232,101
E003,2026-08-09 06:00,1124,230,229,111
E003,2026-08-09 09:00,1185,370,185,54
E003,2026-08-09 12:00,1108,306,153,54
E003,2026-08-09 15:00,1201,480,232,107
E003,2026-08-09 18:00,1162,180,188,60
E003,2026-08-09 21:00,1173,239,219,24
E003,2026-08-10 00:00,1157,165,213,129
E003,2026-08-10 03:00,1164,215,159,134
E003,2026-08-10 06:00,1201,327,177,39
E003,2026-08-10 09:00,1169,190,199,44
E003,2026-08-10 12:00,1228,490,229,76
E003,2026-08-10 15:00,1165,334,176,121
E003,2026-08-10 18:00,1214,361,210,54
E003,2026-08-10 21:00,1220,392,213,74
E003,2026-08-11 00:00,1199,342,175,27
E003,2026-08-11 03:00,1238,179,205,28
E003,2026-08-11 06:00,1176,403,169,128
E003,2026-08-11 09:00,1247,265,239,102
E003,2026-08-11 12:00,1173,161,221,50
E003,2026-08-11 15:00,1213,302,178,65
E003,2026-08-11 18:00,1208,212,196,110
E003,2026-08-11 21:00,1260,393,236,95
E003,2026-08-12 00:00,1270,213,220,124
E003,2026-08-12 03:00,1214,235,197,75
E003,2026-08-12 06:00,1194,277,189,44
E003,2026-08-12 09:00,1215,424,206,105
E003,2026-08-12 12:00,1263,247,206,29
E003,2026-08-12 15:00,1236,183,207,87
E004,2026-07-14 20:00,357,72,49,21
E004,2026-07-14 23:00,406,128,67,20
E004,2026-07-15 02:00,373,49,64,27
E004,2026-07-15 05:00,413,51,65,24
E004,2026-07-15 08:00,332,76,42,11
E004,2026-07-15 11:00,343,96,63,28
E004,2026-07-15 14:00,360,56,53,14
E004,2026-07-15 17:00,410,63,76,13
E004,2026-07-15 20:00,338,98,54,15
E004,2026-07-15 23:00,384,89,63,21
E004,2026-07-16 02:00,384,134,72,41
E004,2026-07-16 05:00,374,131,66,14
E004,2026-07-16 08:00,379,144,61,32
E004,2026-07-16 11:00,343,134,52,25
E004,2026-07-16 14:00,351,100,55,28
E004,2026-07-16 17:00,384,133,49,17
E004,2026-07-16 20:00,412,122,52,42
E004,2026-07-16 23:00,352,90,59,35
E004,2026-07-17 02:00,394,58,55,11
E004,2026-07-17 05:00,376,117,64,40
E004,2026-07-17 08:00,366,87,57,41
E004,2026-07-17 11:00,333,105,41,25
E004,2026-07-17 14:00,366,71,46,32
E004,2026-07-17 17:00,336,77,46,9
E004,2026-07-17 20:00,378,105,67,41
E004,2026-07-17 23:00,366,69,62,19
E004,2026-07-18 02:00,357,70,63,42
E004,2026-07-18 05:00,389,82,67,22
E004,2026-07-18 08:00,389,125,49,11
E004,2026-07-18 11:00,363,71,44,16
E004,2026-07-18 14:00,374,82,49,8
E004,2026-07-18 17:00,329,123,56,10
E004,2026-07-18 20:00,354,56,54,13
E004,2026-07-18 23:00,369,125,60,24
E004,2026-07-19 02:00,391,128,61,36
E004,2026-07-19 05:00,376,62,47,27
E004,2026-07-19 08:00,409,109,54,28
E004,2026-07-19 11:00,406,108,73,18
E004,2026-07-19 14:00,364,101,62,9
E004,2026-07-19 17:00,410,96,70,22
E004,2026-07-19 20:00,346,106,56,12
E004,2026-07-19 23:00,412,142,63,36
E004,2026-07-20 02:00,355,58,46,9
E004,2026-07-20 05:00,357,82,47,10
E004,2026-07-20 08:00,336,48,42,9
E004,2026-07-20 11:00,402,125,72,40
E004,2026-07-20 14:00,340,42,52,28
E004,2026-07-20 17:00,409,115,63,25
E004,2026-07-20 20:00,390,78,73,14
E004,2026-07-20 23:00,345,135,41,39
E004,2026-07-21 02:00,396,128,67,23
E004,2026-07-21 05:00,380,112,51,14
E004,2026-07-21 08:00,384,88,53,18
E004,2026-07-21 11:00,398,153,70,10
E004,2026-07-21 14:00,382,98,71,45
E004,2026-07-21 17:00,332,110,62,24
E004,2026-07-21 20:00,386,76,57,9
E004,2026-07-21 23:00,408,135,58,28
E004,2026-07-22 02:00,377,64,64,20
E004,2026-07-22 05:00,361,126,59,36
E004,2026-07-22 08:00,367,126,68,37
E004,2026-07-22 11:00,412,130,54,44
E004,2026-07-22 14:00,402,83,73,25
E004,2026-07-22 17:00,413,135,68,42
E004,2026-07-22 20:00,355,124,51,33
E004,2026-07-22 23:00,409,136,59,35
E004,2026-07-23 02:00,354,105,64,20
E004,2026-07-23 05:00,330,73,41,38
E004,2026-07-23 08:00,385,142,54,18
E004,2026-07-23 11:00,374,110,61,16
E004,2026-07-23 14:00,360,133,45,11
E004,2026-07-23 17:00,400,93,48,35
E004,2026-07-23 20:00,365,92,64,36
E004,2026-07-23 23:00,408,117,65,11
E004,2026-07-24 02:00,363,71,62,40
E004,2026-07-24 05:00,405,100,69,34
E004,2026-07-24 08:00,342,91,59,25
E004,2026-07-24 11:00,379,92,71,34
E004,2026-07-24 14:00,365,131,62,20
E004,2026-07-24 17:00,408,114,62,28
E004,2026-07-24 20:00,407,73,58,30
E004,2026-07-24 23:00,369,119,64,11
E004,2026-07-25 02:00,396,128,64,40
E004,2026-07-25 05:00,379,142,51,30
E004,2026-07-25 08:00,406,71,57,46
E004,2026-07-25 11:00,392,113,68,10
E004,2026-07-25 14:00,349,94,43,20
E004,2026-07-25 17:00,377,71,68,37
E004,2026-07-25 20:00,427,60,67,43
E004,2026-07-25 23:00,423,118,76,43
E004,2026-07-26 02:00,342,113,59,15
E004,2026-07-26 05:00,379,117,45,23
E004,2026-07-26 08:00,386,145,65,11
E004,2026-07-26 11:00,372,72,46,37
E004,2026-07-26 14:00,383,62,61,16
E004,2026-07-26 17:00,423,104,55,47
E004,2026-07-26 20:00,404,94,75,35
E004,2026-07-26 23:00,402,133,57,32
E004,2026-07-27 02:00,392,151,66,9
E004,2026-07-27 05:00,413,102,56,27
E004,2026-07-27 08:00,376,47,51,21
E004,2026-07-27 11:00,439,138,74,25
E004,2026-07-27 14:00,380,99,57,10
E004,2026-07-27 17:00,356,123,57,42
E004,2026-07-27 20:00,423,106,73,11
E004,2026-07-27 23:00,364,108,59,9
E004,2026-07-28 02:00,357,84,57,14
E004,2026-07-28 05:00,409,133,72,23
E004,2026-07-28 08:00,361,84,56,43
E004,2026-07-28 11:00,387,153,71,41
E004,2026-07-28 14:00,450,177,83,20
E004,2026-07-28 17:00,376,133,48,36
E004,2026-07-28 20:00,404,77,58,13
E004,2026-07-28 23:00,373,88,58,17
E004,2026-07-29 02:00,371,75,50,22
E004,2026-07-29 05:00,378,120,53,39
E004,2026-07-29 08:00,456,182,63,31
E004,2026-07-29 11:00,455,164,71,38
E004,2026-07-29 14:00,395,97,59,42
E004,2026-07-29 17:00,462,162,79,43
E004,2026-07-29 20:00,386,82,52,39
E004,2026-07-29 23:00,454,155,83,48
E004,2026-07-30 02:00,473,123,88,25
E004,2026-07-30 05:00,420,85,62,37
E004,2026-07-30 08:00,410,80,75,25
E004,2026-07-30 11:00,435,166,53,40
E004,2026-07-30 14:00,449,132,75,20
E004,2026-07-30 17:00,430,64,80,44
E004,2026-07-30 20:00,473,114,72,38
E004,2026-07-30 23:00,457,136,57,45
E004,2026-07-31 02:00,470,118,74,35
E004,2026-07-31 05:00,479,154,89,51
E004,2026-07-31 08:00,488,186,85,18
E004,2026-07-31 11:00,471,165,62,50
E004,2026-07-31 14:00,490,130,67,15
E004,2026-07-31 17:00,502,189,82,56
E004,2026-07-31 20:00,514,146,75,28
E004,2026-07-31 23:00,489,97,87,50
E004,2026-08-01 02:00,438,168,56,20
E004,2026-08-01 05:00,512,166,68,46
E004,2026-08-01 08:00,464,69,78,24
E004,2026-08-01 11:00,502,121,61,43
E004,2026-08-01 14:00,494,151,82,47
E004,2026-08-01 17:00,466,130,62,20
E004,2026-08-01 20:00,542,139,65,44
E004,2026-08-01 23:00,463,84,55,51
E004,2026-08-02 02:00,486,152,80,12
E004,2026-08-02 05:00,489,122,71,57
E004,2026-08-02 08:00,509,130,90,32
E004,2026-08-02 11:00,499,168,76,43
E004,2026-08-02 14:00,546,121,78,46
E004,2026-08-02 17:00,566,140,100,22
E004,2026-08-02 20:00,560,76,89,23
E004,2026-08-02 23:00,509,79,71,28
E004,2026-08-03 02:00,552,144,102,19
E004,2026-08-03 05:00,531,86,76,39
E004,2026-08-03 08:00,579,100,99,60
E004,2026-08-03 11:00,523,114,69,58
E004,2026-08-03 14:00,595,73,96,59
E004,2026-08-03 17:00,578,227,99,63
E004,2026-08-03 20:00,562,154,95,13
E004,2026-08-03 23:00,568,80,88,59
E004,2026-08-04 02:00,615,205,84,25
E004,2026-08-04 05:00,593,74,70,69
E004,2026-08-04 08:00,596,115,94,18
E004,2026-08-04 11:00,647,251,98,33
E004,2026-08-04 14:00,653,191,81,19
E004,2026-08-04 17:00,650,158,97,51
E004,2026-08-04 20:00,589,175,80,18
E004,2026-08-04 23:00,675,140,117,21
E004,2026-08-05 02:00,688,177,83,53
E004,2026-08-05 05:00,677,121,104,61
E004,2026-08-05 08:00,621,111,113,73
E004,2026-08-05 11:00,705,276,103,24
E004,2026-08-05 14:00,638,174,92,23
E004,2026-08-05 17:00,662,133,103,28
E004,2026-08-05 20:00,711,239,112,22
E004,2026-08-05 23:00,688,134,82,77
E004,2026-08-06 02:00,664,84,92,29
E004,2026-08-06 05:00,668,233,98,39
E004,2026-08-06 08:00,688,211,86,74
E004,2026-08-06 11:00,709,129,100,76
E004,2026-08-06 14:00,745,234,128,55
E004,2026-08-06 17:00,733,279,105,78
E004,2026-08-06 20:00,696,92,121,17
E004,2026-08-06 23:00,782,211,126,36
E004,2026-08-07 02:00,772,151,93,28
E004,2026-08-07 05:00,721,99,120,69
E004,2026-08-07 08:00,798,165,118,73
E004,2026-08-07 11:00,751,138,125,85
E004,2026-08-07 14:00,799,225,102,34
E004,2026-08-07 17:00,823,254,136,19
E004,2026-08-07 20:00,781,184,124,43
E004,2026-08-07 23:00,778,129,94,47
E004,2026-08-08 02:00,787,260,116,39
E004,2026-08-08 05:00,835,168,115,97
E004,2026-08-08 08:00,775,285,116,51
E004,2026-08-08 11:00,805,132,140,52
E004,2026-08-08 14:00,856,315,129,69
E004,2026-08-08 17:00,793,162,127,16
E004,2026-08-08 20:00,826,198,100,40
E004,2026-08-08 23:00,796,138,120,95
E004,2026-08-09 02:00,878,312,104,54
E004,2026-08-09 05:00,823,129,153,37
E004,2026-08-09 08:00,871,214,124,59
E004,2026-08-09 11:00,828,330,144,78
E004,2026-08-09 14:00,832,306,154,71
E004,2026-08-09 17:00,909,303,141,106
E004,2026-08-09 20:00,905,205,155,44
E004,2026-08-09 23:00,842,190,105,30
E004,2026-08-10 02:00,884,352,116,96
E004,2026-08-10 05:00,924,293,131,103
E004,2026-08-10 08:00,893,300,144,32
E004,2026-08-10 11:00,856,156,119,39
E004,2026-08-10 14:00,923,113,118,107
E004,2026-08-10 17:00,897,230,116,36
E004,2026-08-10 20:00,907,201,157,62
E004,2026-08-10 23:00,880,146,143,76
E004,2026-08-11 02:00,947,379,165,59
E004,2026-08-11 05:00,899,244,149,31
E004,2026-08-11 08:00,887,242,138,45
E004,2026-08-11 11:00,962,147,140,111
E004,2026-08-11 14:00,927,143,158,88
E004,2026-08-11 17:00,965,335,173,108
E004,2026-08-11 20:00,930,216,133,108
E004,2026-08-11 23:00,920,164,151,66
E004,2026-08-12 02:00,944,135,175,90
E004,2026-08-12 05:00,949,167,146,68
E004,2026-08-12 08:00,914,269,126,50
E004,2026-08-12 11:00,918,345,159,30
E004,2026-08-12 14:00,938,147,167,36
E004,2026-08-12 17:00,988,360,125,111
E004,2026-08-12 20:00,930,129,120,85
E004,2026-08-12 23:00,963,250,176,90
E004,2026-08-13 02:00,974,119,136,108
E004,2026-08-13 05:00,984,209,183,106
E004,2026-08-13 08:00,979,378,135,56
E004,2026-08-13 11:00,927,179,172,101
E004,2026-08-13 14:00,947,324,172,21
E004,2026-08-13 17:00,932,179,146,45
E005,2026-07-15 19:00,525,100,89,12
E005,2026-07-15 22:00,501,171,100,47
E005,2026-07-16 01:00,544,98,113,22
E005,2026-07-16 04:00,537,105,95,47
E005,2026-07-16 07:00,471,63,74,27
E005,2026-07-16 10:00,475,75,75,33
E005,2026-07-16 13:00,529,85,112,58
E005,2026-07-16 16:00,515,142,75,16
E005,2026-07-16 19:00,540,190,82,44
E005,2026-07-16 22:00,469,67,74,13
E005,2026-07-17 01:00,524,177,92,28
E005,2026-07-17 04:00,472,163,91,38
E005,2026-07-17 07:00,532,77,98,38
E005,2026-07-17 10:00,491,174,87,50
E005,2026-07-17 13:00,480,80,98,32
E005,2026-07-17 16:00,524,170,87,14
E005,2026-07-17 19:00,485,159,102,32
E005,2026-07-17 22:00,538,95,87,44
E005,2026-07-18 01:00,510,176,104,36
E005,2026-07-18 04:00,521,86,88,50
E005,2026-07-18 07:00,544,131,94,20
E005,2026-07-18 10:00,546,71,113,17
E005,2026-07-18 13:00,534,90,80,32
E005,2026-07-18 16:00,512,80,96,35
E005,2026-07-18 19:00,539,213,105,43
E005,2026-07-18 22:00,480,172,72,37
E005,2026-07-19 01:00,487,184,89,15
E005,2026-07-19 04:00,538,168,103,18
E005,2026-07-19 07:00,483,117,81,15
E005,2026-07-19 10:00,538,142,86,36
E005,2026-07-19 13:00,530,175,84,37
E005,2026-07-19 16:00,464,138,74,10
E005,2026-07-19 19:00,550,110,92,36
E005,2026-07-19 22:00,548,101,111,35
E005,2026-07-20 01:00,549,159,94,56
E005,2026-07-20 04:00,485,193,100,53
E005,2026-07-20 07:00,473,156,75,21
E005,2026-07-20 10:00,525,89,107,60
E005,2026-07-20 13:00,471,69,79,26
E005,2026-07-20 16:00,475,84,91,29
E005,2026-07-20 19:00,515,199,80,14
E005,2026-07-20 22:00,512,98,94,50
E005,2026-07-21 01:00,484,87,87,25
E005,2026-07-21 04:00,524,195,98,54
E005,2026-07-21 07:00,475,73,84,22
E005,2026-07-21 10:00,536,85,112,41
E005,2026-07-21 13:00,510,94,95,32
E005,2026-07-21 16:00,522,178,93,34
E005,2026-07-21 19:00,516,117,88,12
E005,2026-07-21 22:00,553,136,101,21
E005,2026-07-22 01:00,528,180,96,52
E005,2026-07-22 04:00,532,134,84,38
E005,2026-07-22 07:00,534,156,81,23
E005,2026-07-22 10:00,518,163,107,14
E005,2026-07-22 13:00,520,160,94,18
E005,2026-07-22 16:00,499,99,82,20
E005,2026-07-22 19:00,516,84,85,53
E005,2026-07-22 22:00,531,190,112,28
E005,2026-07-23 01:00,509,110,97,31
E005,2026-07-23 04:00,478,73,79,25
E005,2026-07-23 07:00,489,168,84,25
E005,2026-07-23 10:00,557,74,87,26
E005,2026-07-23 13:00,526,63,87,24
E005,2026-07-23 16:00,532,174,89,42
E005,2026-07-23 19:00,478,87,86,17
E005,2026-07-23 22:00,492,191,100,39
E005,2026-07-24 01:00,518,110,94,48
E005,2026-07-24 04:00,550,161,109,49
E005,2026-07-24 07:00,533,204,80,52
E005,2026-07-24 10:00,534,187,101,37
E005,2026-07-24 13:00,559,81,98,63
E005,2026-07-24 16:00,519,178,103,24
E005,2026-07-24 19:00,547,193,86,30
E005,2026-07-24 22:00,561,125,111,35
E005,2026-07-25 01:00,518,204,95,39
E005,2026-07-25 04:00,537,135,85,63
E005,2026-07-25 07:00,488,147,83,11
E005,2026-07-25 10:00,559,78,98,52
E005,2026-07-25 13:00,478,151,96,53
E005,2026-07-25 16:00,522,172,104,15
E005,2026-07-25 19:00,516,100,111,52
E005,2026-07-25 22:00,483,171,89,44
E005,2026-07-26 01:00,528,147,101,15
E005,2026-07-26 04:00,558,201,97,48
E005,2026-07-26 07:00,485,133,81,47
E005,2026-07-26 10:00,550,69,82,26
E005,2026-07-26 13:00,510,185,81,47
E005,2026-07-26 16:00,487,102,85,52
E005,2026-07-26 19:00,550,74,92,40
E005,2026-07-26 22:00,574,164,102,19
E005,2026-07-27 01:00,573,144,111,12
E005,2026-07-27 04:00,558,219,119,18
E005,2026-07-27 07:00,531,150,107,63
E005,2026-07-27 10:00,562,189,87,15
E005,2026-07-27 13:00,557,119,97,16
E005,2026-07-27 16:00,494,143,84,36
E005,2026-07-27 19:00,541,158,79,63
E005,2026-07-27 22:00,571,97,89,67
E005,2026-07-28 01:00,575,189,105,44
E005,2026-07-28 04:00,559,111,101,47
E005,2026-07-28 07:00,578,158,87,17
E005,2026-07-28 10:00,510,130,86,16
E005,2026-07-28 13:00,550,134,84,54
E005,2026-07-28 16:00,559,118,103,30
E005,2026-07-28 19:00,523,136,85,61
E005,2026-07-28 22:00,575,209,96,60
E005,2026-07-29 01:00,542,187,92,33
E005,2026-07-29 04:00,574,172,121,66
E005,2026-07-29 07:00,579,70,102,20
E005,2026-07-29 10:00,580,170,92,23
E005,2026-07-29 13:00,595,221,108,56
E005,2026-07-29 16:00,554,174,99,13
E005,2026-07-29 19:00,577,130,105,43
E005,2026-07-29 22:00,562,114,102,45
E005,2026-07-30 01:00,546,191,110,19
E005,2026-07-30 04:00,590,86,110,53
E005,2026-07-30 07:00,535,130,82,20
E005,2026-07-30 10:00,548,190,109,49
E005,2026-07-30 13:00,590,220,96,25
E005,2026-07-30 16:00,572,228,101,55
E005,2026-07-30 19:00,546,184,94,24
E005,2026-07-30 22:00,573,97,99,62
E005,2026-07-31 01:00,599,176,115,62
E005,2026-07-31 04:00,555,113,115,26
E005,2026-07-31 07:00,646,227,96,31
E005,2026-07-31 10:00,605,116,108,69
E005,2026-07-31 13:00,615,195,122,46
E005,2026-07-31 16:00,588,71,90,66
E005,2026-07-31 19:00,624,146,131,70
E005,2026-07-31 22:00,604,138,129,40
E005,2026-08-01 01:00,656,252,140,64
E005,2026-08-01 04:00,642,154,120,39
E005,2026-08-01 07:00,670,112,104,36
E005,2026-08-01 10:00,629,94,133,26
E005,2026-08-01 13:00,646,196,97,59
E005,2026-08-01 16:00,631,242,104,72
E005,2026-08-01 19:00,689,131,105,25
E005,2026-08-01 22:00,644,234,120,16
E005,2026-08-02 01:00,679,146,136,30
E005,2026-08-02 04:00,639,175,120,48
E005,2026-08-02 07:00,681,165,142,29
E005,2026-08-02 10:00,678,82,128,63
E005,2026-08-02 13:00,697,210,128,80
E005,2026-08-02 16:00,728,94,117,47
E005,2026-08-02 19:00,728,121,133,30
E005,2026-08-02 22:00,733,268,117,32
E005,2026-08-03 01:00,742,152,109,59
E005,2026-08-03 04:00,712,106,140,41
E005,2026-08-03 07:00,718,208,110,60
E005,2026-08-03 10:00,696,247,119,65
E005,2026-08-03 13:00,744,100,126,59
E005,2026-08-03 16:00,785,271,130,67
E005,2026-08-03 19:00,743,274,146,53
E005,2026-08-03 22:00,741,255,143,78
E005,2026-08-04 01:00,766,249,159,46
E005,2026-08-04 04:00,818,206,119,32
E005,2026-08-04 07:00,780,283,140,84
E005,2026-08-04 10:00,805,145,148,26
E005,2026-08-04 13:00,832,153,160,64
E005,2026-08-04 16:00,854,284,170,86
E005,2026-08-04 19:00,827,222,162,85
E005,2026-08-04 22:00,876,129,170,69
E005,2026-08-05 01:00,842,184,161,100
E005,2026-08-05 04:00,892,351,155,29
E005,2026-08-05 07:00,871,151,141,67
E005,2026-08-05 10:00,839,125,179,73
E005,2026-08-05 13:00,879,153,164,82
E005,2026-08-05 16:00,931,159,164,100
E005,2026-08-05 19:00,905,203,134,69
E005,2026-08-05 22:00,924,173,193,50
E005,2026-08-06 01:00,873,235,132,77
E005,2026-08-06 04:00,926,359,187,58
E005,2026-08-06 07:00,949,225,196,40
E005,2026-08-06 10:00,914,171,158,20
E005,2026-08-06 13:00,979,129,185,52
E005,2026-08-06 16:00,1001,140,180,25
E005,2026-08-06 19:00,951,323,172,97
E005,2026-08-06 22:00,978,133,208,112
E005,2026-08-07 01:00,1019,263,189,81
E005,2026-08-07 04:00,988,126,195,86
E005,2026-08-07 07:00,1036,342,162,115
E005,2026-08-07 10:00,1031,202,197,44
E005,2026-08-07 13:00,1070,270,211,30
E005,2026-08-07 16:00,1070,220,201,51
E005,2026-08-07 19:00,1039,274,216,34
E005,2026-08-07 22:00,1073,379,188,32
E005,2026-08-08 01:00,1107,416,216,29
E005,2026-08-08 04:00,1071,349,171,123
E005,2026-08-08 07:00,1076,263,221,38
E005,2026-08-08 10:00,1128,448,224,134
E005,2026-08-08 13:00,1119,145,183,62
E005,2026-08-08 16:00,1125,271,215,94
E005,2026-08-08 19:00,1141,188,178,124
E005,2026-08-08 22:00,1095,291,200,99
E005,2026-08-09 01:00,1159,411,188,66
E005,2026-08-09 04:00,1187,217,247,128
E005,2026-08-09 07:00,1175,353,223,101
E005,2026-08-09 10:00,1183,169,220,113
E005,2026-08-09 13:00,1157,323,212,99
E005,2026-08-09 16:00,1165,259,237,56
E005,2026-08-09 19:00,1236,457,222,75
E005,2026-08-09 22:00,1197,338,185,114
E005,2026-08-10 01:00,1230,439,205,63
E005,2026-08-10 04:00,1208,336,245,116
E005,2026-08-10 07:00,1220,157,245,112
E005,2026-08-10 10:00,1208,291,210,89
E005,2026-08-10 13:00,1227,415,239,73
E005,2026-08-10 16:00,1271,373,226,100
E005,2026-08-10 19:00,1264,382,247,63
E005,2026-08-10 22:00,1269,369,194,63
E005,2026-08-11 01:00,1304,358,254,43
E005,2026-08-11 04:00,1228,445,258,100
E005,2026-08-11 07:00,1285,441,247,108
E005,2026-08-11 10:00,1259,380,251,57
E005,2026-08-11 13:00,1242,480,266,72
E005,2026-08-11 16:00,1328,339,224,94
E005,2026-08-11 19:00,1326,176,265,94
E005,2026-08-11 22:00,1315,332,272,145
E005,2026-08-12 01:00,1269,420,250,68
E005,2026-08-12 04:00,1316,194,274,135
E005,2026-08-12 07:00,1336,456,267,29
E005,2026-08-12 10:00,1331,348,203,122
E005,2026-08-12 13:00,1295,333,252,116
E005,2026-08-12 16:00,1342,455,197,111
E005,2026-08-12 19:00,1322,520,266,156
E005,2026-08-12 22:00,1380,401,235,61
E005,2026-08-13 01:00,1350,505,266,58
E005,2026-08-13 04:00,1328,166,198,141
E005,2026-08-13 07:00,1348,284,270,88
E005,2026-08-13 10:00,1375,546,233,110
E005,2026-08-13 13:00,1328,206,276,51
E005,2026-08-13 16:00,1344,426,229,47
E005,2026-08-13 19:00,1396,459,287,115
E005,2026-08-13 22:00,1330,312,200,94
E005,2026-08-14 01:00,1349,522,269,153
E005,2026-08-14 04:00,1401,323,270,133
E005,2026-08-14 07:00,1362,182,246,150
E005,2026-08-14 10:00,1338,253,274,140
E005,2026-08-14 13:00,1351,402,270,57
E005,2026-08-14 16:00,1410,256,275,138
E006,2026-07-16 18:00,408,147,78,31
E006,2026-07-16 21:00,451,147,88,17
E006,2026-07-17 00:00,392,59,58,21
E006,2026-07-17 03:00,444,62,74,39
E006,2026-07-17 06:00,434,137,64,39
E006,2026-07-17 09:00,463,56,75,15
E006,2026-07-17 12:00,435,68,70,11
E006,2026-07-17 15:00,424,109,80,8
E006,2026-07-17 18:00,405,66,67,9
E006,2026-07-17 21:00,400,92,56,9
E006,2026-07-18 00:00,435,145,64,35
E006,2026-07-18 03:00,391,59,58,21
E006,2026-07-18 06:00,443,61,88,22
E006,2026-07-18 09:00,471,79,90,10
E006,2026-07-18 12:00,411,81,81,42
E006,2026-07-18 15:00,440,124,76,17
E006,2026-07-18 18:00,464,66,61,11
E006,2026-07-18 21:00,401,54,79,29
E006,2026-07-19 00:00,413,99,71,27
E006,2026-07-19 03:00,398,124,59,34
E006,2026-07-19 06:00,414,133,83,37
E006,2026-07-19 09:00,425,58,78,37
E006,2026-07-19 12:00,395,56,76,10
E006,2026-07-19 15:00,472,136,81,50
E006,2026-07-19 18:00,414,157,82,32
E006,2026-07-19 21:00,442,77,67,47
E006,2026-07-20 00:00,423,90,77,13
E006,2026-07-20 03:00,465,164,76,53
E006,2026-07-20 06:00,444,70,84,38
E006,2026-07-20 09:00,398,64,59,36
E006,2026-07-20 12:00,420,113,78,37
E006,2026-07-20 15:00,451,103,69,18
E006,2026-07-20 18:00,457,171,83,34
E006,2026-07-20 21:00,421,142,83,17
E006,2026-07-21 00:00,431,90,71,29
E006,2026-07-21 03:00,438,131,72,51
E006,2026-07-21 06:00,398,135,79,11
E006,2026-07-21 09:00,452,123,87,18
E006,2026-07-21 12:00,415,133,65,37
E006,2026-07-21 15:00,430,94,73,36
E006,2026-07-21 18:00,431,108,81,25
E006,2026-07-21 21:00,435,170,84,11
E006,2026-07-22 00:00,419,110,62,42
E006,2026-07-22 03:00,441,57,77,48
E006,2026-07-22 06:00,466,144,74,55
E006,2026-07-22 09:00,478,98,90,37
E006,2026-07-22 12:00,448,158,65,23
E006,2026-07-22 15:00,451,77,67,14
E006,2026-07-22 18:00,450,170,76,13
E006,2026-07-22 21:00,418,126,59,34
E006,2026-07-23 00:00,447,107,79,22
E006,2026-07-23 03:00,473,85,78,25
E006,2026-07-23 06:00,429,70,81,18
E006,2026-07-23 09:00,413,64,63,38
E006,2026-07-23 12:00,452,90,68,41
E006,2026-07-23 15:00,395,117,58,25
E006,2026-07-23 18:00,479,64,83,38
E006,2026-07-23 21:00,481,137,90,56
E006,2026-07-24 00:00,417,87,64,22
E006,2026-07-24 03:00,406,136,76,18
E006,2026-07-24 06:00,481,149,94,28
E006,2026-07-24 09:00,399,139,76,30
E006,2026-07-24 12:00,445,146,61,36
E006,2026-07-24 15:00,448,112,61,40
E006,2026-07-24 18:00,467,91,67,36
E006,2026-07-24 21:00,452,71,64,49
E006,2026-07-25 00:00,405,134,79,43
E006,2026-07-25 03:00,428,84,64,40
E006,2026-07-25 06:00,444,75,64,49
E006,2026-07-25 09:00,441,110,79,49
E006,2026-07-25 12:00,457,77,61,33
E006,2026-07-25 15:00,441,69,67,24
E006,2026-07-25 18:00,447,104,69,45
E006,2026-07-25 21:00,436,115,86,36
E006,2026-07-26 00:00,400,150,71,32
E006,2026-07-26 03:00,443,161,80,48
E006,2026-07-26 06:00,407,54,61,49
E006,2026-07-26 09:00,458,113,77,33
E006,2026-07-26 12:00,418,128,78,46
E006,2026-07-26 15:00,476,123,72,11
E006,2026-07-26 18:00,440,162,76,21
E006,2026-07-26 21:00,453,132,86,45
E006,2026-07-27 00:00,454,105,91,52
E006,2026-07-27 03:00,446,74,66,26
E006,2026-07-27 06:00,404,135,62,12
E006,2026-07-27 09:00,410,137,66,42
E006,2026-07-27 12:00,444,80,72,49
E006,2026-07-27 15:00,439,141,63,42
E006,2026-07-27 18:00,492,189,66,20
E006,2026-07-27 21:00,416,117,56,11
E006,2026-07-28 00:00,484,61,72,38
E006,2026-07-28 03:00,416,100,73,41
E006,2026-07-28 06:00,432,151,57,51
E006,2026-07-28 09:00,477,104,83,11
E006,2026-07-28 12:00,475,145,66,23
E006,2026-07-28 15:00,486,125,91,43
E006,2026-07-28 18:00,460,92,77,35
E006,2026-07-28 21:00,467,164,66,20
E006,2026-07-29 00:00,460,127,92,32
E006,2026-07-29 03:00,446,174,79,13
E006,2026-07-29 06:00,457,132,77,47
E006,2026-07-29 09:00,444,92,86,34
E006,2026-07-29 12:00,458,111,90,29
E006,2026-07-29 15:00,460,179,88,38
E006,2026-07-29 18:00,475,170,74,38
E006,2026-07-29 21:00,459,61,84,34
E006,2026-07-30 00:00,516,98,76,31
E006,2026-07-30 03:00,455,155,62,31
E006,2026-07-30 06:00,502,92,66,47
E006,2026-07-30 09:00,467,95,68,37
E006,2026-07-30 12:00,435,58,86,14
E006,2026-07-30 15:00,458,146,91,35
E006,2026-07-30 18:00,497,182,88,44
E006,2026-07-30 21:00,476,92,78,57
E006,2026-07-31 00:00,474,154,69,37
E006,2026-07-31 03:00,454,164,80,42
E006,2026-07-31 06:00,534,166,96,59
E006,2026-07-31 09:00,460,163,60,44
E006,2026-07-31 12:00,515,174,90,58
E006,2026-07-31 15:00,524,65,89,36
E006,2026-07-31 18:00,491,145,75,17
E006,2026-07-31 21:00,528,173,69,48
E006,2026-08-01 00:00,537,179,79,28
E006,2026-08-01 03:00,485,93,97,38
E006,2026-08-01 06:00,517,70,68,36
E006,2026-08-01 09:00,536,159,102,44
E006,2026-08-01 12:00,518,173,85,57
E006,2026-08-01 15:00,549,171,102,12
E006,2026-08-01 18:00,550,207,82,49
E006,2026-08-01 21:00,564,102,87,16
E006,2026-08-02 00:00,544,128,105,53
E006,2026-08-02 03:00,559,163,107,57
E006,2026-08-02 06:00,569,128,104,52
E006,2026-08-02 09:00,513,135,91,27
E006,2026-08-02 12:00,542,77,87,50
E006,2026-08-02 15:00,545,162,89,48
E006,2026-08-02 18:00,516,187,78,16
E006,2026-08-02 21:00,577,87,96,64
E006,2026-08-03 00:00,550,109,84,66
E006,2026-08-03 03:00,558,130,79,49
E006,2026-08-03 06:00,575,213,108,21
E006,2026-08-03 09:00,613,142,105,42
E006,2026-08-03 12:00,567,147,101,55
E006,2026-08-03 15:00,626,135,112,57
E006,2026-08-03 18:00,564,158,94,19
E006,2026-08-03 21:00,603,186,98,72
E006,2026-08-04 00:00,635,181,120,16
E006,2026-08-04 03:00,624,135,119,49
E006,2026-08-04 06:00,612,79,88,67
E006,2026-08-04 09:00,665,227,112,53
E006,2026-08-04 12:00,614,114,119,63
E006,2026-08-04 15:00,635,242,99,76
E006,2026-08-04 18:00,650,127,104,16
E006,2026-08-04 21:00,636,163,95,39
E006,2026-08-05 00:00,654,138,127,73
E006,2026-08-05 03:00,690,176,111,77
E006,2026-08-05 06:00,683,90,117,78
E006,2026-08-05 09:00,697,168,103,40
E006,2026-08-05 12:00,687,100,98,38
E006,2026-08-05 15:00,706,274,123,68
E006,2026-08-05 18:00,737,247,139,70
E006,2026-08-05 21:00,678,156,99,64
E006,2026-08-06 00:00,729,260,119,66
E006,2026-08-06 03:00,691,121,116,30
E006,2026-08-06 06:00,713,242,135,62
E006,2026-08-06 09:00,755,181,99,24
E006,2026-08-06 12:00,778,195,127,27
E006,2026-08-06 15:00,715,94,113,29
E006,2026-08-06 18:00,753,145,148,39
E006,2026-08-06 21:00,726,110,126,26
E006,2026-08-07 00:00,785,120,146,17
E006,2026-08-07 03:00,804,206,137,32
E006,2026-08-07 06:00,814,171,129,86
E006,2026-08-07 09:00,805,214,129,66
E006,2026-08-07 12:00,827,269,144,65
E006,2026-08-07 15:00,803,121,116,85
E006,2026-08-07 18:00,790,243,114,62
E006,2026-08-07 21:00,836,257,134,51
E006,2026-08-08 00:00,876,341,133,105
E006,2026-08-08 03:00,862,237,173,20
E006,2026-08-08 06:00,853,142,125,51
E006,2026-08-08 09:00,839,194,119,66
E006,2026-08-08 12:00,845,327,128,26
E006,2026-08-08 15:00,833,319,118,97
E006,2026-08-08 18:00,891,268,163,102
E006,2026-08-08 21:00,847,199,138,34
E006,2026-08-09 00:00,920,298,150,82
E006,2026-08-09 03:00,926,317,137,72
E006,2026-08-09 06:00,911,114,172,92
E006,2026-08-09 09:00,922,308,165,102
E006,2026-08-09 12:00,889,340,151,106
E006,2026-08-09 15:00,893,116,170,59
E006,2026-08-09 18:00,964,122,128,22
E006,2026-08-09 21:00,990,321,165,71
E006,2026-08-10 00:00,965,189,127,43
E006,2026-08-10 03:00,1005,362,195,72
E006,2026-08-10 06:00,977,269,175,41
E006,2026-08-10 09:00,942,261,166,74
E006,2026-08-10 12:00,944,226,160,81
E006,2026-08-10 15:00,966,134,161,67
E006,2026-08-10 18:00,967,187,154,104
E006,2026-08-10 21:00,1015,326,169,26
E006,2026-08-11 00:00,1041,185,180,116
E006,2026-08-11 03:00,991,252,155,86
E006,2026-08-11 06:00,1014,306,157,47
E006,2026-08-11 09:00,1040,380,147,54
E006,2026-08-11 12:00,1041,240,163,58
E006,2026-08-11 15:00,1044,170,186,43
E006,2026-08-11 18:00,1010,344,149,101
E006,2026-08-11 21:00,1067,359,212,80
E006,2026-08-12 00:00,1065,171,193,111
E006,2026-08-12 03:00,1097,212,164,122
E006,2026-08-12 06:00,1097,349,197,39
E006,2026-08-12 09:00,1094,216,162,48
E006,2026-08-12 12:00,1042,231,187,69
E006,2026-08-12 15:00,1095,271,154,31
E006,2026-08-12 18:00,1106,280,147,70
E006,2026-08-12 21:00,1100,296,196,94
E006,2026-08-13 00:00,1098,400,148,36
E006,2026-08-13 03:00,1054,317,153,110
E006,2026-08-13 06:00,1144,255,200,111
E006,2026-08-13 09:00,1064,401,176,61
E006,2026-08-13 12:00,1126,156,153,103
E006,2026-08-13 15:00,1134,326,158,68
E006,2026-08-13 18:00,1134,343,183,135
E006,2026-08-13 21:00,1074,146,171,73
E006,2026-08-14 00:00,1119,253,159,50
E006,2026-08-14 03:00,1100,308,160,109
E006,2026-08-14 06:00,1118,387,170,24
E006,2026-08-14 09:00,1159,244,199,133
E006,2026-08-14 12:00,1157,430,225,92
E006,2026-08-14 15:00,1103,279,149,87
E006,2026-08-14 18:00,1100,431,178,79
E006,2026-08-14 21:00,1164,389,221,95
E006,2026-08-15 00:00,1161,147,179,129
E006,2026-08-15 03:00,1153,286,166,87
E006,2026-08-15 06:00,1174,176,196,45
E006,2026-08-15 09:00,1184,425,225,69
E006,2026-08-15 12:00,1132,198,175,61
E006,2026-08-15 15:00,1160,144,217,112
E007,2026-07-17 20:00,408,97,68,26
E007,2026-07-17 23:00,446,123,71,11
E007,2026-07-18 02:00,397,88,65,9
E007,2026-07-18 05:00,398,81,63,14
E007,2026-07-18 08:00,440,154,74,44
E007,2026-07-18 11:00,419,145,71,40
E007,2026-07-18 14:00,448,137,85,13
E007,2026-07-18 17:00,415,110,67,19
E007,2026-07-18 20:00,402,80,65,35
E007,2026-07-18 23:00,381,131,74,40
E007,2026-07-19 02:00,374,111,62,42
E007,2026-07-19 05:00,427,134,62,18
E007,2026-07-19 08:00,399,143,68,9
E007,2026-07-19 11:00,366,122,52,34
E007,2026-07-19 14:00,369,55,69,42
E007,2026-07-19 17:00,400,50,55,20
E007,2026-07-19 20:00,398,99,59,20
E007,2026-07-19 23:00,364,51,66,11
E007,2026-07-20 02:00,446,93,79,28
E007,2026-07-20 05:00,449,150,87,44
E007,2026-07-20 08:00,372,51,56,30
E007,2026-07-20 11:00,425,163,74,10
E007,2026-07-20 14:00,365,49,67,19
E007,2026-07-20 17:00,400,66,53,31
E007,2026-07-20 20:00,417,161,78,17
E007,2026-07-20 23:00,446,78,59,51
E007,2026-07-21 02:00,436,167,75,24
E007,2026-07-21 05:00,363,138,53,21
E007,2026-07-21 08:00,402,117,56,26
E007,2026-07-21 11:00,410,132,66,47
E007,2026-07-21 14:00,433,161,60,20
E007,2026-07-21 17:00,382,151,63,30
E007,2026-07-21 20:00,425,107,81,26
E007,2026-07-21 23:00,437,161,66,22
E007,2026-07-22 02:00,422,158,75,13
E007,2026-07-22 05:00,383,98,72,25
E007,2026-07-22 08:00,400,79,72,17
E007,2026-07-22 11:00,364,131,66,28
E007,2026-07-22 14:00,385,127,63,43
E007,2026-07-22 17:00,403,116,51,9
E007,2026-07-22 20:00,423,73,80,50
E007,2026-07-22 23:00,443,97,64,43
E007,2026-07-23 02:00,443,160,67,12
E007,2026-07-23 05:00,421,150,76,11
E007,2026-07-23 08:00,370,144,64,36
E007,2026-07-23 11:00,388,123,52,40
E007,2026-07-23 14:00,440,115,65,10
E007,2026-07-23 17:00,402,65,57,48
E007,2026-07-23 20:00,412,107,72,41
E007,2026-07-23 23:00,389,81,62,14
E007,2026-07-24 02:00,449,72,79,53
E007,2026-07-24 05:00,365,91,60,18
E007,2026-07-24 08:00,436,139,67,41
E007,2026-07-24 11:00,425,158,59,14
E007,2026-07-24 14:00,399,94,57,32
E007,2026-07-24 17:00,374,90,60,40
E007,2026-07-24 20:00,407,115,61,27
E007,2026-07-24 23:00,432,120,67,15
E007,2026-07-25 02:00,410,134,69,10
E007,2026-07-25 05:00,378,49,70,35
E007,2026-07-25 08:00,451,88,61,34
E007,2026-07-25 11:00,411,144,75,42
E007,2026-07-25 14:00,423,129,81,31
E007,2026-07-25 17:00,366,64,50,35
E007,2026-07-25 20:00,428,154,81,39
E007,2026-07-25 23:00,434,129,68,46
E007,2026-07-26 02:00,436,88,57,19
E007,2026-07-26 05:00,434,157,70,29
E007,2026-07-26 08:00,371,127,49,15
E007,2026-07-26 11:00,374,138,54,18
E007,2026-07-26 14:00,420,156,76,27
E007,2026-07-26 17:00,442,68,56,29
E007,2026-07-26 20:00,404,63,60,22
E007,2026-07-26 23:00,437,67,83,38
E007,2026-07-27 02:00,430,150,64,44
E007,2026-07-27 05:00,396,102,68,43
E007,2026-07-27 08:00,458,174,64,33
E007,2026-07-27 11:00,459,181,62,17
E007,2026-07-27 14:00,444,138,60,36
E007,2026-07-27 17:00,414,131,67,34
E007,2026-07-27 20:00,432,86,83,37
E007,2026-07-27 23:00,389,90,59,30
E007,2026-07-28 02:00,385,62,51,16
E007,2026-07-28 05:00,451,110,76,10
E007,2026-07-28 08:00,445,128,67,42
E007,2026-07-28 11:00,441,120,65,52
E007,2026-07-28 14:00,448,112,75,17
E007,2026-07-28 17:00,413,124,61,37
E007,2026-07-28 20:00,459,132,88,33
E007,2026-07-28 23:00,466,129,67,53
E007,2026-07-29 02:00,399,89,77,12
E007,2026-07-29 05:00,410,119,77,34
E007,2026-07-29 08:00,396,76,63,46
E007,2026-07-29 11:00,438,137,82,15
E007,2026-07-29 14:00,403,79,66,45
E007,2026-07-29 17:00,386,65,67,34
E007,2026-07-29 20:00,442,143,66,31
E007,2026-07-29 23:00,388,65,64,21
E007,2026-07-30 02:00,429,58,77,25
E007,2026-07-30 05:00,432,126,73,22
E007,2026-07-30 08:00,391,60,66,44
E007,2026-07-30 11:00,400,146,58,41
E007,2026-07-30 14:00,437,137,66,34
E007,2026-07-30 17:00,453,75,73,24
E007,2026-07-30 20:00,430,65,54,29
E007,2026-07-30 23:00,467,73,88,46
E007,2026-07-31 02:00,478,132,87,43
E007,2026-07-31 05:00,442,89,85,32
E007,2026-07-31 08:00,419,151,74,27
E007,2026-07-31 11:00,431,115,63,11
E007,2026-07-31 14:00,447,136,80,18
E007,2026-07-31 17:00,420,127,77,39
E007,2026-07-31 20:00,479,104,72,40
E007,2026-07-31 23:00,471,166,86,25
E007,2026-08-01 02:00,446,102,85,46
E007,2026-08-01 05:00,471,174,90,35
E007,2026-08-01 08:00,455,55,85,27
E007,2026-08-01 11:00,427,82,67,38
E007,2026-08-01 14:00,501,96,89,19
E007,2026-08-01 17:00,436,152,55,38
E007,2026-08-01 20:00,442,96,71,32
E007,2026-08-01 23:00,507,67,86,31
E007,2026-08-02 02:00,434,86,58,34
E007,2026-08-02 05:00,439,130,67,31
E007,2026-08-02 08:00,473,138,78,52
E007,2026-08-02 11:00,480,147,83,34
E007,2026-08-02 14:00,522,166,74,43
E007,2026-08-02 17:00,508,202,97,59
E007,2026-08-02 20:00,497,165,83,45
E007,2026-08-02 23:00,483,117,79,33
E007,2026-08-03 02:00,485,123,75,57
E007,2026-08-03 05:00,535,114,88,40
E007,2026-08-03 08:00,510,117,74,43
E007,2026-08-03 11:00,504,146,90,47
E007,2026-08-03 14:00,472,142,67,51
E007,2026-08-03 17:00,493,177,86,42
E007,2026-08-03 20:00,483,172,71,50
E007,2026-08-03 23:00,520,88,93,19
E007,2026-08-04 02:00,533,166,72,30
E007,2026-08-04 05:00,526,82,87,61
E007,2026-08-04 08:00,514,142,81,28
E007,2026-08-04 11:00,564,102,110,49
E007,2026-08-04 14:00,581,224,73,63
E007,2026-08-04 17:00,570,109,80,64
E007,2026-08-04 20:00,520,152,75,36
E007,2026-08-04 23:00,586,73,103,41
E007,2026-08-05 02:00,588,85,78,27
E007,2026-08-05 05:00,532,71,69,29
E007,2026-08-05 08:00,608,204,100,68
E007,2026-08-05 11:00,623,199,111,59
E007,2026-08-05 14:00,540,139,71,56
E007,2026-08-05 17:00,598,195,111,35
E007,2026-08-05 20:00,554,101,83,55
E007,2026-08-05 23:00,574,97,98,52
E007,2026-08-06 02:00,609,78,92,65
E007,2026-08-06 05:00,636,174,94,58
E007,2026-08-06 08:00,593,140,94,68
E007,2026-08-06 11:00,664,180,107,31
E007,2026-08-06 14:00,646,184,84,67
E007,2026-08-06 17:00,664,260,115,44
E007,2026-08-06 20:00,650,256,82,63
E007,2026-08-06 23:00,610,211,97,65
E007,2026-08-07 02:00,634,76,86,32
E007,2026-08-07 05:00,647,251,93,46
E007,2026-08-07 08:00,714,146,118,34
E007,2026-08-07 11:00,717,246,139,78
E007,2026-08-07 14:00,679,106,102,19
E007,2026-08-07 17:00,662,263,122,47
E007,2026-08-07 20:00,720,159,98,19
E007,2026-08-07 23:00,730,137,141,71
E007,2026-08-08 02:00,756,114,138,56
E007,2026-08-08 05:00,718,231,104,27
E007,2026-08-08 08:00,725,176,103,17
E007,2026-08-08 11:00,740,233,123,56
E007,2026-08-08 14:00,787,305,100,26
E007,2026-08-08 17:00,723,107,100,41
E007,2026-08-08 20:00,805,128,124,50
E007,2026-08-08 23:00,732,280,136,42
E007,2026-08-09 02:00,739,156,124,54
E007,2026-08-09 05:00,742,164,107,24
E007,2026-08-09 08:00,767,271,120,53
E007,2026-08-09 11:00,754,247,108,82
E007,2026-08-09 14:00,798,223,110,81
E007,2026-08-09 17:00,780,290,102,28
E007,2026-08-09 20:00,843,297,109,101
E007,2026-08-09 23:00,834,100,146,62
E007,2026-08-10 02:00,804,208,138,70
E007,2026-08-10 05:00,874,107,153,62
E007,2026-08-10 08:00,860,309,145,55
E007,2026-08-10 11:00,861,241,108,59
E007,2026-08-10 14:00,865,338,143,56
E007,2026-08-10 17:00,831,101,126,47
E007,2026-08-10 20:00,907,304,127,20
E007,2026-08-10 23:00,878,202,166,50
E007,2026-08-11 02:00,878,242,170,44
E007,2026-08-11 05:00,879,106,145,30
E007,2026-08-11 08:00,935,243,154,43
E007,2026-08-11 11:00,926,267,127,55
E007,2026-08-11 14:00,957,374,147,100
E007,2026-08-11 17:00,919,185,124,53
E007,2026-08-11 20:00,907,134,172,74
E007,2026-08-11 23:00,909,158,121,71
E007,2026-08-12 02:00,927,150,128,92
E007,2026-08-12 05:00,978,193,176,67
E007,2026-08-12 08:00,933,144,129,34
E007,2026-08-12 11:00,926,250,156,94
E007,2026-08-12 14:00,962,259,177,101
E007,2026-08-12 17:00,969,313,160,105
E007,2026-08-12 20:00,925,280,155,85
E007,2026-08-12 23:00,974,379,127,66
E007,2026-08-13 02:00,1005,259,142,48
E007,2026-08-13 05:00,945,290,151,38
E007,2026-08-13 08:00,992,357,141,102
E007,2026-08-13 11:00,964,207,136,30
E007,2026-08-13 14:00,985,174,135,24
E007,2026-08-13 17:00,981,119,158,115
E007,2026-08-13 20:00,969,215,167,46
E007,2026-08-13 23:00,1031,165,167,91
E007,2026-08-14 02:00,1006,208,157,98
E007,2026-08-14 05:00,1002,236,162,88
E007,2026-08-14 08:00,984,313,130,41
E007,2026-08-14 11:00,1038,283,145,22
E007,2026-08-14 14:00,1000,125,164,60
E007,2026-08-14 17:00,1064,229,162,36
E007,2026-08-14 20:00,1050,227,185,33
E007,2026-08-14 23:00,1014,200,181,83
E007,2026-08-15 02:00,1045,285,175,38
E007,2026-08-15 05:00,1032,280,159,33
E007,2026-08-15 08:00,1078,352,146,42
E007,2026-08-15 11:00,1077,406,181,92
E007,2026-08-15 14:00,1072,228,161,97
E007,2026-08-15 17:00,1093,401,150,87
E007,2026-08-15 20:00,1085,419,186,87
E007,2026-08-15 23:00,1016,199,165,38
E007,2026-08-16 02:00,1050,308,135,64
E007,2026-08-16 05:00,1052,388,147,122
E007,2026-08-16 08:00,1077,180,199,54
E007,2026-08-16 11:00,1091,149,188,130
E007,2026-08-16 14:00,1074,175,197,79
E007,2026-08-16 17:00,1111,235,213,131
E008,2026-07-18 19:00,324,79,51,20
E008,2026-07-18 22:00,349,76,54,38
E008,2026-07-19 01:00,395,58,71,23
E008,2026-07-19 04:00,330,117,47,8
E008,2026-07-19 07:00,374,82,60,17
E008,2026-07-19 10:00,391,66,53,31
E008,2026-07-19 13:00,341,127,57,9
E008,2026-07-19 16:00,406,81,69,17
E008,2026-07-19 19:00,369,115,58,25
E008,2026-07-19 22:00,393,157,52,28
E008,2026-07-20 01:00,380,146,53,28
E008,2026-07-20 04:00,381,141,62,31
E008,2026-07-20 07:00,380,119,69,23
E008,2026-07-20 10:00,408,79,53,15
E008,2026-07-20 13:00,338,45,56,18
E008,2026-07-20 16:00,366,52,54,21
E008,2026-07-20 19:00,323,74,48,11
E008,2026-07-20 22:00,323,50,40,11
E008,2026-07-21 01:00,355,125,50,15
E008,2026-07-21 04:00,375,90,69,25
E008,2026-07-21 07:00,383,84,61,38
E008,2026-07-21 10:00,347,48,50,38
E008,2026-07-21 13:00,359,77,47,25
E008,2026-07-21 16:00,325,82,49,20
E008,2026-07-21 19:00,344,111,61,37
E008,2026-07-21 22:00,330,122,58,14
E008,2026-07-22 01:00,370,76,57,44
E008,2026-07-22 04:00,384,150,63,20
E008,2026-07-22 07:00,354,86,46,33
E008,2026-07-22 10:00,394,90,64,23
E008,2026-07-22 13:00,397,66,73,26
E008,2026-07-22 16:00,380,47,71,21
E008,2026-07-22 19:00,379,51,54,14
E008,2026-07-22 22:00,365,134,44,26
E008,2026-07-23 01:00,355,75,51,25
E008,2026-07-23 04:00,384,97,58,11
E008,2026-07-23 07:00,338,118,55,38
E008,2026-07-23 10:00,377,75,58,36
E008,2026-07-23 13:00,399,55,72,44
E008,2026-07-23 16:00,369,83,66,43
E008,2026-07-23 19:00,350,101,49,15
E008,2026-07-23 22:00,351,134,43,19
E008,2026-07-24 01:00,400,156,69,46
E008,2026-07-24 04:00,327,55,58,37
E008,2026-07-24 07:00,377,70,70,27
E008,2026-07-24 10:00,329,46,57,26
E008,2026-07-24 13:00,333,78,54,26
E008,2026-07-24 16:00,405,53,64,44
E008,2026-07-24 19:00,370,72,49,38
E008,2026-07-24 22:00,325,105,49,17
E008,2026-07-25 01:00,328,63,47,31
E008,2026-07-25 04:00,357,73,51,28
E008,2026-07-25 07:00,345,86,47,29
E008,2026-07-25 10:00,390,81,48,34
E008,2026-07-25 13:00,391,145,58,37
E008,2026-07-25 16:00,402,124,64,12
E008,2026-07-25 19:00,375,111,62,22
E008,2026-07-25 22:00,345,59,57,19
E008,2026-07-26 01:00,359,85,44,20
E008,2026-07-26 04:00,386,83,52,43
E008,2026-07-26 07:00,327,95,58,20
E008,2026-07-26 10:00,398,75,71,21
E008,2026-07-26 13:00,371,118,66,16
E008,2026-07-26 16:00,352,56,43,17
E008,2026-07-26 19:00,350,78,58,14
E008,2026-07-26 22:00,399,69,54,20
E008,2026-07-27 01:00,349,135,58,23
E008,2026-07-27 04:00,396,54,62,30
E008,2026-07-27 07:00,375,88,66,25
E008,2026-07-27 10:00,387,84,64,11
E008,2026-07-27 13:00,383,151,63,25
E008,2026-07-27 16:00,369,50,59,40
E008,2026-07-27 19:00,341,121,54,14
E008,2026-07-27 22:00,363,58,51,37
E008,2026-07-28 01:00,412,164,63,37
E008,2026-07-28 04:00,368,123,60,32
E008,2026-07-28 07:00,363,55,50,32
E008,2026-07-28 10:00,400,134,49,34
E008,2026-07-28 13:00,369,120,64,32
E008,2026-07-28 16:00,410,102,64,26
E008,2026-07-28 19:00,352,67,55,18
E008,2026-07-28 22:00,365,142,47,19
E008,2026-07-29 01:00,366,73,50,10
E008,2026-07-29 04:00,412,142,69,35
E008,2026-07-29 07:00,371,92,56,17
E008,2026-07-29 10:00,395,131,70,46
E008,2026-07-29 13:00,335,66,54,33
E008,2026-07-29 16:00,421,64,50,40
E008,2026-07-29 19:00,343,54,49,32
E008,2026-07-29 22:00,354,126,56,13
E008,2026-07-30 01:00,350,78,55,9
E008,2026-07-30 04:00,350,89,61,16
E008,2026-07-30 07:00,368,82,56,26
E008,2026-07-30 10:00,420,160,59,38
E008,2026-07-30 13:00,391,121,70,18
E008,2026-07-30 16:00,351,61,42,30
E008,2026-07-30 19:00,357,88,67,19
E008,2026-07-30 22:00,425,72,75,42
E008,2026-07-31 01:00,354,43,63,24
E008,2026-07-31 04:00,349,56,60,29
E008,2026-07-31 07:00,423,122,70,44
E008,2026-07-31 10:00,367,147,43,17
E008,2026-07-31 13:00,420,90,50,22
E008,2026-07-31 16:00,373,91,51,30
E008,2026-07-31 19:00,396,78,60,12
E008,2026-07-31 22:00,378,79,66,11
E008,2026-08-01 01:00,415,147,76,28
E008,2026-08-01 04:00,407,57,52,9
E008,2026-08-01 07:00,403,105,61,46
E008,2026-08-01 10:00,421,116,57,13
E008,2026-08-01 13:00,368,54,55,12
E008,2026-08-01 16:00,404,156,64,37
E008,2026-08-01 19:00,376,89,50,13
E008,2026-08-01 22:00,447,134,56,30
E008,2026-08-02 01:00,432,64,72,27
E008,2026-08-02 04:00,446,125,66,27
E008,2026-08-02 07:00,390,74,68,45
E008,2026-08-02 10:00,387,50,57,11
E008,2026-08-02 13:00,398,154,69,26
E008,2026-08-02 16:00,411,119,75,12
E008,2026-08-02 19:00,402,149,56,48
E008,2026-08-02 22:00,408,139,49,25
E008,2026-08-03 01:00,409,119,63,9
E008,2026-08-03 04:00,382,86,60,28
E008,2026-08-03 07:00,400,123,53,18
E008,2026-08-03 10:00,425,64,53,24
E008,2026-08-03 13:00,410,94,69,30
E008,2026-08-03 16:00,471,152,58,51
E008,2026-08-03 19:00,477,164,71,15
E008,2026-08-03 22:00,409,71,73,31
E008,2026-08-04 01:00,428,141,61,11
E008,2026-08-04 04:00,413,55,59,31
E008,2026-08-04 07:00,421,100,70,34
E008,2026-08-04 10:00,407,142,54,47
E008,2026-08-04 13:00,419,140,74,26
E008,2026-08-04 16:00,431,73,76,51
E008,2026-08-04 19:00,427,146,51,47
E008,2026-08-04 22:00,503,76,73,20
E008,2026-08-05 01:00,469,86,66,36
E008,2026-08-05 04:00,435,161,80,32
E008,2026-08-05 07:00,474,181,79,53
E008,2026-08-05 10:00,499,121,62,21
E008,2026-08-05 13:00,522,127,91,46
E008,2026-08-05 16:00,463,96,71,12
E008,2026-08-05 19:00,533,151,99,48
E008,2026-08-05 22:00,469,161,77,13
E008,2026-08-06 01:00,484,175,75,23
E008,2026-08-06 04:00,491,130,87,33
E008,2026-08-06 07:00,520,181,83,60
E008,2026-08-06 10:00,478,107,80,29
E008,2026-08-06 13:00,544,88,66,60
E008,2026-08-06 16:00,518,79,87,59
E008,2026-08-06 19:00,531,212,83,52
E008,2026-08-06 22:00,534,72,79,26
E008,2026-08-07 01:00,582,200,94,20
E008,2026-08-07 04:00,545,139,80,49
E008,2026-08-07 07:00,515,167,63,31
E008,2026-08-07 10:00,556,172,91,18
E008,2026-08-07 13:00,524,103,67,34
E008,2026-08-07 16:00,584,226,105,25
E008,2026-08-07 19:00,614,131,95,26
E008,2026-08-07 22:00,581,120,73,50
E008,2026-08-08 01:00,601,153,108,14
E008,2026-08-08 04:00,631,164,76,14
E008,2026-08-08 07:00,560,168,99,26
E008,2026-08-08 10:00,569,130,87,14
E008,2026-08-08 13:00,590,198,95,56
E008,2026-08-08 16:00,592,235,71,47
E008,2026-08-08 19:00,589,144,90,62
E008,2026-08-08 22:00,661,163,96,20
E008,2026-08-09 01:00,607,218,82,47
E008,2026-08-09 04:00,628,209,112,67
E008,2026-08-09 07:00,628,182,78,46
E008,2026-08-09 10:00,674,195,106,26
E008,2026-08-09 13:00,621,245,90,71
E008,2026-08-09 16:00,623,190,91,40
E008,2026-08-09 19:00,696,242,105,82
E008,2026-08-09 22:00,710,252,131,34
E008,2026-08-10 01:00,710,161,97,43
E008,2026-08-10 04:00,698,236,102,78
E008,2026-08-10 07:00,720,180,108,44
E008,2026-08-10 10:00,662,179,123,63
E008,2026-08-10 13:00,700,211,120,78
E008,2026-08-10 16:00,689,257,94,61
E008,2026-08-10 19:00,714,147,110,50
E008,2026-08-10 22:00,709,182,112,25
E008,2026-08-11 01:00,712,266,95,79
E008,2026-08-11 04:00,786,170,136,58
E008,2026-08-11 07:00,792,112,138,87
E008,2026-08-11 10:00,730,191,99,36
E008,2026-08-11 13:00,725,129,101,79
E008,2026-08-11 16:00,748,146,129,26
E008,2026-08-11 19:00,771,271,124,69
E008,2026-08-11 22:00,796,149,102,45
E008,2026-08-12 01:00,811,238,139,28
E008,2026-08-12 04:00,770,284,131,75
E008,2026-08-12 07:00,816,222,133,36
E008,2026-08-12 10:00,818,304,111,47
E008,2026-08-12 13:00,790,260,132,87
E008,2026-08-12 16:00,811,147,124,31
E008,2026-08-12 19:00,799,149,118,68
E008,2026-08-12 22:00,780,192,140,85
E008,2026-08-13 01:00,787,311,108,38
E008,2026-08-13 04:00,842,264,150,31
E008,2026-08-13 07:00,876,260,112,93
E008,2026-08-13 10:00,885,172,137,23
E008,2026-08-13 13:00,852,311,103,48
E008,2026-08-13 16:00,867,189,133,21
E008,2026-08-13 19:00,895,116,167,83
E008,2026-08-13 22:00,900,144,118,63
E008,2026-08-14 01:00,844,334,122,40
E008,2026-08-14 04:00,843,106,153,49
E008,2026-08-14 07:00,870,205,123,70
E008,2026-08-14 10:00,873,121,104,61
E008,2026-08-14 13:00,896,184,115,105
E008,2026-08-14 16:00,903,181,113,62
E008,2026-08-14 19:00,899,144,127,99
E008,2026-08-14 22:00,882,298,152,35
E008,2026-08-15 01:00,890,303,109,78
E008,2026-08-15 04:00,866,190,133,48
E008,2026-08-15 07:00,860,187,133,25
E008,2026-08-15 10:00,902,183,146,102
E008,2026-08-15 13:00,944,115,115,44
E008,2026-08-15 16:00,902,220,114,39
E008,2026-08-15 19:00,948,132,122,77
E008,2026-08-15 22:00,903,230,156,84
E008,2026-08-16 01:00,924,258,170,75
E008,2026-08-16 04:00,964,227,132,50
E008,2026-08-16 07:00,941,286,146,98
E008,2026-08-16 10:00,969,375,175,105
E008,2026-08-16 13:00,943,232,131,27
E008,2026-08-16 16:00,900,314,163,49
E008,2026-08-16 19:00,926,153,131,64
E008,2026-08-16 22:00,921,202,151,83
E008,2026-08-17 01:00,974,190,131,114
E008,2026-08-17 04:00,921,315,149,101
E008,2026-08-17 07:00,963,293,117,51
E008,2026-08-17 10:00,956,241,134,99
E008,2026-08-17 13:00,976,342,153,87
E008,2026-08-17 16:00,961,186,166,39
E009,2026-07-19 18:00,372,67,51,42
E009,2026-07-19 21:00,370,104,55,8
E009,2026-07-20 00:00,340,120,47,19
E009,2026-07-20 03:00,345,82,47,23
E009,2026-07-20 06:00,312,48,48,8
E009,2026-07-20 09:00,296,68,47,25
E009,2026-07-20 12:00,370,133,50,22
E009,2026-07-20 15:00,329,103,40,23
E009,2026-07-20 18:00,292,36,44,31
E009,2026-07-20 21:00,293,50,46,20
E009,2026-07-21 00:00,305,91,34,16
E009,2026-07-21 03:00,284,42,32,23
E009,2026-07-21 06:00,292,46,47,16
E009,2026-07-21 09:00,338,61,47,31
E009,2026-07-21 12:00,371,93,44,41
E009,2026-07-21 15:00,286,102,50,32
E009,2026-07-21 18:00,300,73,33,23
E009,2026-07-21 21:00,293,40,38,18
E009,2026-07-22 00:00,296,114,39,19
E009,2026-07-22 03:00,359,123,47,31
E009,2026-07-22 06:00,343,47,59,31
E009,2026-07-22 09:00,323,119,47,23
E009,2026-07-22 12:00,336,82,43,29
E009,2026-07-22 15:00,344,64,43,12
E009,2026-07-22 18:00,357,135,63,13
E009,2026-07-22 21:00,291,38,42,32
E009,2026-07-23 00:00,349,69,62,29
E009,2026-07-23 03:00,363,70,52,14
E009,2026-07-23 06:00,316,72,54,34
E009,2026-07-23 09:00,311,73,55,14
E009,2026-07-23 12:00,313,125,55,29
E009,2026-07-23 15:00,295,104,44,34
E009,2026-07-23 18:00,292,87,52,27
E009,2026-07-23 21:00,372,83,65,43
E009,2026-07-24 00:00,306,64,52,28
E009,2026-07-24 03:00,296,112,52,27
E009,2026-07-24 06:00,323,119,48,35
E009,2026-07-24 09:00,308,62,42,18
E009,2026-07-24 12:00,329,76,55,34
E009,2026-07-24 15:00,352,73,52,31
E009,2026-07-24 18:00,309,101,41,15
E009,2026-07-24 21:00,318,94,48,35
E009,2026-07-25 00:00,365,137,48,27
E009,2026-07-25 03:00,332,120,57,14
E009,2026-07-25 06:00,310,81,39,11
E009,2026-07-25 09:00,358,117,62,20
E009,2026-07-25 12:00,343,94,59,23
E009,2026-07-25 15:00,362,67,52,34
E009,2026-07-25 18:00,322,62,37,23
E009,2026-07-25 21:00,343,86,51,21
E009,2026-07-26 00:00,325,86,54,29
E009,2026-07-26 03:00,317,125,37,21
E009,2026-07-26 06:00,342,104,48,25
E009,2026-07-26 09:00,303,53,46,16
E009,2026-07-26 12:00,310,39,44,37
E009,2026-07-26 15:00,374,127,62,12
E009,2026-07-26 18:00,371,138,51,9
E009,2026-07-26 21:00,345,89,57,33
E009,2026-07-27 00:00,305,48,34,25
E009,2026-07-27 03:00,322,62,55,32
E009,2026-07-27 06:00,292,75,38,19
E009,2026-07-27 09:00,354,110,46,26
E009,2026-07-27 12:00,308,108,36,26
E009,2026-07-27 15:00,356,90,60,41
E009,2026-07-27 18:00,315,104,48,24
E009,2026-07-27 21:00,363,145,51,27
E009,2026-07-28 00:00,302,39,52,15
E009,2026-07-28 03:00,336,67,51,32
E009,2026-07-28 06:00,333,62,56,35
E009,2026-07-28 09:00,309,56,34,25
E009,2026-07-28 12:00,364,60,54,40
E009,2026-07-28 15:00,316,42,52,28
E009,2026-07-28 18:00,363,99,58,27
E009,2026-07-28 21:00,357,95,51,37
E009,2026-07-29 00:00,311,45,41,13
E009,2026-07-29 03:00,311,103,38,28
E009,2026-07-29 06:00,356,113,44,24
E009,2026-07-29 09:00,350,62,55,36
E009,2026-07-29 12:00,380,67,48,26
E009,2026-07-29 15:00,347,99,45,33
E009,2026-07-29 18:00,334,86,43,23
E009,2026-07-29 21:00,336,63,53,7
E009,2026-07-30 00:00,340,94,53,21
E009,2026-07-30 03:00,360,77,61,13
E009,2026-07-30 06:00,371,47,48,44
E009,2026-07-30 09:00,339,99,50,18
E009,2026-07-30 12:00,295,52,51,13
E009,2026-07-30 15:00,300,115,51,35
E009,2026-07-30 18:00,307,102,51,13
E009,2026-07-30 21:00,318,118,47,26
E009,2026-07-31 00:00,371,136,50,22
E009,2026-07-31 03:00,363,62,49,26
E009,2026-07-31 06:00,317,73,54,28
E009,2026-07-31 09:00,308,123,54,7
E009,2026-07-31 12:00,367,65,46,22
E009,2026-07-31 15:00,320,107,57,34
E009,2026-07-31 18:00,302,45,46,32
E009,2026-07-31 21:00,356,76,55,31
E009,2026-08-01 00:00,370,125,60,40
E009,2026-08-01 03:00,324,67,50,13
E009,2026-08-01 06:00,342,93,50,7
E009,2026-08-01 09:00,335,124,53,40
E009,2026-08-01 12:00,309,122,41,15
E009,2026-08-01 15:00,363,45,51,27
E009,2026-08-01 18:00,353,110,63,32
E009,2026-08-01 21:00,337,125,55,19
E009,2026-08-02 00:00,394,50,51,40
E009,2026-08-02 03:00,359,143,54,42
E009,2026-08-02 06:00,354,90,51,37
E009,2026-08-02 09:00,398,115,58,44
E009,2026-08-02 12:00,322,57,39,12
E009,2026-08-02 15:00,391,112,46,46
E009,2026-08-02 18:00,340,70,55,32
E009,2026-08-02 21:00,400,129,70,32
E009,2026-08-03 00:00,349,126,52,29
E009,2026-08-03 03:00,358,132,52,17
E009,2026-08-03 06:00,370,68,47,10
E009,2026-08-03 09:00,364,66,49,31
E009,2026-08-03 12:00,380,52,60,16
E009,2026-08-03 15:00,335,47,51,31
E009,2026-08-03 18:00,391,82,60,28
E009,2026-08-03 21:00,420,132,70,26
E009,2026-08-04 00:00,385,50,42,30
E009,2026-08-04 03:00,382,128,66,16
E009,2026-08-04 06:00,394,107,55,30
E009,2026-08-04 09:00,377,144,47,34
E009,2026-08-04 12:00,400,98,67,43
E009,2026-08-04 15:00,390,150,62,20
E009,2026-08-04 18:00,355,125,40,37
E009,2026-08-04 21:00,397,142,53,45
E009,2026-08-05 00:00,357,50,58,25
E009,2026-08-05 03:00,369,138,66,25
E009,2026-08-05 06:00,446,108,53,47
E009,2026-08-05 09:00,360,132,52,10
E009,2026-08-05 12:00,368,51,55,40
E009,2026-08-05 15:00,428,98,64,10
E009,2026-08-05 18:00,376,138,64,27
E009,2026-08-05 21:00,373,79,51,13
E009,2026-08-06 00:00,388,49,51,27
E009,2026-08-06 03:00,439,142,59,21
E009,2026-08-06 06:00,432,113,52,25
E009,2026-08-06 09:00,426,61,50,43
E009,2026-08-06 12:00,407,137,48,17
E009,2026-08-06 15:00,479,65,55,27
E009,2026-08-06 18:00,405,149,57,35
E009,2026-08-06 21:00,484,122,61,50
E009,2026-08-07 00:00,481,85,57,48
E009,2026-08-07 03:00,450,56,58,53
E009,2026-08-07 06:00,427,75,73,42
E009,2026-08-07 09:00,498,85,85,32
E009,2026-08-07 12:00,420,78,61,14
E009,2026-08-07 15:00,481,75,79,48
E009,2026-08-07 18:00,503,81,87,34
E009,2026-08-07 21:00,449,82,64,40
E009,2026-08-08 00:00,461,148,57,54
E009,2026-08-08 03:00,519,153,86,29
E009,2026-08-08 06:00,455,108,75,33
E009,2026-08-08 09:00,518,79,70,30
E009,2026-08-08 12:00,484,162,58,17
E009,2026-08-08 15:00,508,105,74,23
E009,2026-08-08 18:00,531,106,80,15
E009,2026-08-08 21:00,549,87,87,48
E009,2026-08-09 00:00,525,183,76,34
E009,2026-08-09 03:00,537,118,82,47
E009,2026-08-09 06:00,532,140,62,57
E009,2026-08-09 09:00,507,115,62,55
E009,2026-08-09 12:00,544,125,91,36
E009,2026-08-09 15:00,552,192,63,20
E009,2026-08-09 18:00,539,116,72,15
E009,2026-08-09 21:00,581,91,100,33
E009,2026-08-10 00:00,581,149,74,44
E009,2026-08-10 03:00,547,83,82,31
E009,2026-08-10 06:00,547,142,77,59
E009,2026-08-10 09:00,539,169,63,59
E009,2026-08-10 12:00,626,98,87,67
E009,2026-08-10 15:00,632,78,71,64
E009,2026-08-10 18:00,644,115,75,16
E009,2026-08-10 21:00,597,204,83,45
E009,2026-08-11 00:00,575,146,100,47
E009,2026-08-11 03:00,637,102,106,57
E009,2026-08-11 06:00,641,91,104,66
E009,2026-08-11 09:00,660,192,94,76
E009,2026-08-11 12:00,659,217,110,46
E009,2026-08-11 15:00,665,222,106,30
E009,2026-08-11 18:00,634,120,104,36
E009,2026-08-11 21:00,652,139,89,21
E009,2026-08-12 00:00,696,104,77,27
E009,2026-08-12 03:00,619,178,70,13
E009,2026-08-12 06:00,629,94,80,46
E009,2026-08-12 09:00,687,145,85,29
E009,2026-08-12 12:00,658,164,87,45
E009,2026-08-12 15:00,681,238,105,64
E009,2026-08-12 18:00,721,131,81,82
E009,2026-08-12 21:00,674,152,86,59
E009,2026-08-13 00:00,732,170,105,87
E009,2026-08-13 03:00,711,150,96,26
E009,2026-08-13 06:00,688,228,80,80
E009,2026-08-13 09:00,755,291,99,46
E009,2026-08-13 12:00,683,173,101,35
E009,2026-08-13 15:00,694,99,116,34
E009,2026-08-13 18:00,726,227,128,38
E009,2026-08-13 21:00,714,155,123,66
E009,2026-08-14 00:00,729,181,91,46
E009,2026-08-14 03:00,715,271,118,18
E009,2026-08-14 06:00,723,191,122,66
E009,2026-08-14 09:00,755,264,132,58
E009,2026-08-14 12:00,744,252,87,23
E009,2026-08-14 15:00,796,284,102,41
E009,2026-08-14 18:00,785,98,94,41
E009,2026-08-14 21:00,768,96,112,22
E009,2026-08-15 00:00,810,149,143,25
E009,2026-08-15 03:00,795,98,124,91
E009,2026-08-15 06:00,804,133,114,19
E009,2026-08-15 09:00,753,294,92,49
E009,2026-08-15 12:00,793,300,141,92
E009,2026-08-15 15:00,793,179,91,91
E009,2026-08-15 18:00,771,224,136,37
E009,2026-08-15 21:00,799,237,139,32
E009,2026-08-16 00:00,810,195,112,19
E009,2026-08-16 03:00,781,223,91,52
E009,2026-08-16 06:00,813,237,135,48
E009,2026-08-16 09:00,794,134,101,64
E009,2026-08-16 12:00,822,224,95,30
E009,2026-08-16 15:00,847,236,105,46
E009,2026-08-16 18:00,826,100,108,79
E009,2026-08-16 21:00,772,136,119,87
E009,2026-08-17 00:00,823,314,124,50
E009,2026-08-17 03:00,802,136,96,29
E009,2026-08-17 06:00,840,163,103,22
E009,2026-08-17 09:00,822,220,128,79
E009,2026-08-17 12:00,804,274,100,54
E009,2026-08-17 15:00,780,196,106,27
E009,2026-08-17 18:00,865,189,123,34
E009,2026-08-17 21:00,802,96,100,81
E009,2026-08-18 00:00,843,230,127,97
E009,2026-08-18 03:00,825,175,129,21
E009,2026-08-18 06:00,865,294,124,70
E009,2026-08-18 09:00,830,308,96,41
E009,2026-08-18 12:00,809,294,93,85
E009,2026-08-18 15:00,871,338,146,71
E010,2026-07-20 20:00,439,138,73,13
E010,2026-07-20 23:00,430,156,61,19
E010,2026-07-21 02:00,491,187,97,58
E010,2026-07-21 05:00,498,182,97,29
E010,2026-07-21 08:00,506,171,101,45
E010,2026-07-21 11:00,507,146,75,30
E010,2026-07-21 14:00,506,169,97,25
E010,2026-07-21 17:00,475,142,68,17
E010,2026-07-21 20:00,475,172,95,56
E010,2026-07-21 23:00,423,130,84,43
E010,2026-07-22 02:00,497,93,83,36
E010,2026-07-22 05:00,483,79,73,29
E010,2026-07-22 08:00,504,160,82,27
E010,2026-07-22 11:00,453,142,88,25
E010,2026-07-22 14:00,446,86,62,27
E010,2026-07-22 17:00,488,138,71,50
E010,2026-07-22 20:00,427,112,85,18
E010,2026-07-22 23:00,468,120,68,48
E010,2026-07-23 02:00,489,195,78,10
E010,2026-07-23 05:00,449,179,74,23
E010,2026-07-23 08:00,433,143,78,36
E010,2026-07-23 11:00,481,106,81,20
E010,2026-07-23 14:00,443,106,68,50
E010,2026-07-23 17:00,459,91,91,47
E010,2026-07-23 20:00,477,180,66,35
E010,2026-07-23 23:00,475,81,89,38
E010,2026-07-24 02:00,497,171,97,31
E010,2026-07-24 05:00,455,91,92,52
E010,2026-07-24 08:00,505,174,70,37
E010,2026-07-24 11:00,463,154,95,39
E010,2026-07-24 14:00,422,68,79,31
E010,2026-07-24 17:00,492,133,91,48
E010,2026-07-24 20:00,469,120,89,33
E010,2026-07-24 23:00,423,109,70,42
E010,2026-07-25 02:00,478,133,77,36
E010,2026-07-25 05:00,500,93,84,50
E010,2026-07-25 08:00,447,146,71,30
E010,2026-07-25 11:00,423,155,82,21
E010,2026-07-25 14:00,450,93,88,16
E010,2026-07-25 17:00,491,186,73,55
E010,2026-07-25 20:00,469,141,78,11
E010,2026-07-25 23:00,506,160,95,53
E010,2026-07-26 02:00,449,89,67,39
E010,2026-07-26 05:00,460,126,68,32
E010,2026-07-26 08:00,492,136,97,38
E010,2026-07-26 11:00,456,103,84,30
E010,2026-07-26 14:00,432,159,73,11
E010,2026-07-26 17:00,454,110,91,32
E010,2026-07-26 20:00,438,53,61,14
E010,2026-07-26 23:00,434,119,82,39
E010,2026-07-27 02:00,454,111,92,20
E010,2026-07-27 05:00,488,181,67,57
E010,2026-07-27 08:00,484,98,77,31
E010,2026-07-27 11:00,484,84,73,49
E010,2026-07-27 14:00,483,132,98,25
E010,2026-07-27 17:00,505,70,74,29
E010,2026-07-27 20:00,473,176,86,47
E010,2026-07-27 23:00,507,110,95,13
E010,2026-07-28 02:00,494,64,101,42
E010,2026-07-28 05:00,482,71,88,41
E010,2026-07-28 08:00,475,187,84,23
E010,2026-07-28 11:00,458,94,74,43
E010,2026-07-28 14:00,430,62,74,35
E010,2026-07-28 17:00,494,183,84,23
E010,2026-07-28 20:00,497,127,72,13
E010,2026-07-28 23:00,464,146,65,39
E010,2026-07-29 02:00,514,70,87,44
E010,2026-07-29 05:00,437,124,71,34
E010,2026-07-29 08:00,461,159,76,29
E010,2026-07-29 11:00,493,117,71,55
E010,2026-07-29 14:00,502,127,100,20
E010,2026-07-29 17:00,512,91,81,44
E010,2026-07-29 20:00,489,91,76,40
E010,2026-07-29 23:00,483,128,81,32
E010,2026-07-30 02:00,458,131,87,54
E010,2026-07-30 05:00,484,145,85,42
E010,2026-07-30 08:00,513,179,70,25
E010,2026-07-30 11:00,445,90,90,50
E010,2026-07-30 14:00,496,123,94,16
E010,2026-07-30 17:00,449,72,76,48
E010,2026-07-30 20:00,436,135,72,31
E010,2026-07-30 23:00,482,88,84,36
E010,2026-07-31 02:00,455,153,67,48
E010,2026-07-31 05:00,438,58,76,40
E010,2026-07-31 08:00,453,163,72,11
E010,2026-07-31 11:00,437,100,73,51
E010,2026-07-31 14:00,457,58,75,45
E010,2026-07-31 17:00,483,65,77,35
E010,2026-07-31 20:00,492,137,72,29
E010,2026-07-31 23:00,509,132,70,16
E010,2026-08-01 02:00,528,71,88,11
E010,2026-08-01 05:00,520,138,93,13
E010,2026-08-01 08:00,443,112,82,20
E010,2026-08-01 11:00,477,165,78,29
E010,2026-08-01 14:00,528,142,91,30
E010,2026-08-01 17:00,467,162,91,50
E010,2026-08-01 20:00,507,66,102,19
E010,2026-08-01 23:00,478,165,97,27
E010,2026-08-02 02:00,490,185,68,21
E010,2026-08-02 05:00,513,149,76,61
E010,2026-08-02 08:00,484,145,80,35
E010,2026-08-02 11:00,503,185,88,15
E010,2026-08-02 14:00,493,185,74,51
E010,2026-08-02 17:00,538,195,101,62
E010,2026-08-02 20:00,510,178,73,41
E010,2026-08-02 23:00,476,155,75,44
E010,2026-08-03 02:00,462,87,64,39
E010,2026-08-03 05:00,496,86,81,49
E010,2026-08-03 08:00,488,138,75,34
E010,2026-08-03 11:00,551,150,86,30
E010,2026-08-03 14:00,517,184,93,34
E010,2026-08-03 17:00,534,198,103,63
E010,2026-08-03 20:00,530,98,81,22
E010,2026-08-03 23:00,496,113,101,21
E010,2026-08-04 02:00,482,126,94,26
E010,2026-08-04 05:00,490,195,90,25
E010,2026-08-04 08:00,554,82,99,55
E010,2026-08-04 11:00,506,112,99,39
E010,2026-08-04 14:00,549,195,86,15
E010,2026-08-04 17:00,541,102,90,12
E010,2026-08-04 20:00,565,80,99,60
E010,2026-08-04 23:00,536,146,96,44
E010,2026-08-05 02:00,515,103,104,28
E010,2026-08-05 05:00,536,81,103,61
E010,2026-08-05 08:00,525,168,90,53
E010,2026-08-05 11:00,588,156,82,67
E010,2026-08-05 14:00,525,147,89,49
E010,2026-08-05 17:00,592,160,105,35
E010,2026-08-05 20:00,534,198,103,24
E010,2026-08-05 23:00,610,191,117,46
E010,2026-08-06 02:00,573,195,116,66
E010,2026-08-06 05:00,531,136,104,12
E010,2026-08-06 08:00,541,191,87,21
E010,2026-08-06 11:00,545,208,87,65
E010,2026-08-06 14:00,619,128,105,33
E010,2026-08-06 17:00,564,224,90,24
E010,2026-08-06 20:00,592,75,96,38
E010,2026-08-06 23:00,615,104,111,58
E010,2026-08-07 02:00,584,118,93,30
E010,2026-08-07 05:00,597,74,100,70
E010,2026-08-07 08:00,656,220,97,41
E010,2026-08-07 11:00,580,195,100,43
E010,2026-08-07 14:00,601,185,96,67
E010,2026-08-07 17:00,653,102,112,68
E010,2026-08-07 20:00,639,82,89,51
E010,2026-08-07 23:00,610,141,117,65
E010,2026-08-08 02:00,673,116,96,16
E010,2026-08-08 05:00,657,211,102,23
E010,2026-08-08 08:00,665,255,94,38
E010,2026-08-08 11:00,683,243,108,15
E010,2026-08-08 14:00,668,212,125,13
E010,2026-08-08 17:00,694,227,121,81
E010,2026-08-08 20:00,682,221,139,64
E010,2026-08-08 23:00,710,188,144,63
E010,2026-08-09 02:00,700,164,129,16
E010,2026-08-09 05:00,729,106,126,30
E010,2026-08-09 08:00,688,264,94,76
E010,2026-08-09 11:00,718,272,124,49
E010,2026-08-09 14:00,693,264,98,44
E010,2026-08-09 17:00,759,261,120,88
E010,2026-08-09 20:00,742,248,122,49
E010,2026-08-09 23:00,751,184,125,50
E010,2026-08-10 02:00,807,144,156,53
E010,2026-08-10 05:00,796,224,116,91
E010,2026-08-10 08:00,784,176,151,54
E010,2026-08-10 11:00,826,269,136,98
E010,2026-08-10 14:00,829,271,159,79
E010,2026-08-10 17:00,825,228,145,74
E010,2026-08-10 20:00,774,118,144,23
E010,2026-08-10 23:00,851,289,133,27
E010,2026-08-11 02:00,837,189,117,92
E010,2026-08-11 05:00,880,235,164,48
E010,2026-08-11 08:00,889,188,136,83
E010,2026-08-11 11:00,858,136,142,89
E010,2026-08-11 14:00,908,266,144,93
E010,2026-08-11 17:00,841,193,135,91
E010,2026-08-11 20:00,856,190,123,100
E010,2026-08-11 23:00,863,320,119,67
E010,2026-08-12 02:00,939,208,178,96
E010,2026-08-12 05:00,951,360,165,113
E010,2026-08-12 08:00,907,207,179,95
E010,2026-08-12 11:00,958,252,172,109
E010,2026-08-12 14:00,962,241,194,37
E010,2026-08-12 17:00,926,291,131,97
E010,2026-08-12 20:00,983,269,183,34
E010,2026-08-12 23:00,971,133,133,25
E010,2026-08-13 02:00,948,198,157,82
E010,2026-08-13 05:00,1003,240,158,65
E010,2026-08-13 08:00,1016,275,167,63
E010,2026-08-13 11:00,990,196,177,30
E010,2026-08-13 14:00,996,264,185,118
E010,2026-08-13 17:00,978,223,193,24
E010,2026-08-13 20:00,988,299,191,25
E010,2026-08-13 23:00,1040,206,147,74
E010,2026-08-14 02:00,1029,190,145,83
E010,2026-08-14 05:00,1018,180,159,62
E010,2026-08-14 08:00,1057,194,164,50
E010,2026-08-14 11:00,1016,278,160,101
E010,2026-08-14 14:00,1032,250,189,21
E010,2026-08-14 17:00,1064,158,204,62
E010,2026-08-14 20:00,1114,273,162,125
E010,2026-08-14 23:00,1069,287,156,26
E010,2026-08-15 02:00,1092,278,167,95
E010,2026-08-15 05:00,1127,185,212,68
E010,2026-08-15 08:00,1059,406,217,43
E010,2026-08-15 11:00,1086,206,210,66
E010,2026-08-15 14:00,1122,320,198,31
E010,2026-08-15 17:00,1105,288,196,59
E010,2026-08-15 20:00,1122,225,155,129
E010,2026-08-15 23:00,1174,325,175,102
E010,2026-08-16 02:00,1152,192,234,77
E010,2026-08-16 05:00,1143,174,207,43
E010,2026-08-16 08:00,1146,187,218,66
E010,2026-08-16 11:00,1147,294,216,99
E010,2026-08-16 14:00,1192,370,245,125
E010,2026-08-16 17:00,1166,318,194,103
E010,2026-08-16 20:00,1135,420,160,41
E010,2026-08-16 23:00,1202,374,215,126
E010,2026-08-17 02:00,1178,163,165,41
E010,2026-08-17 05:00,1192,305,182,94
E010,2026-08-17 08:00,1211,280,213,92
E010,2026-08-17 11:00,1148,407,177,72
E010,2026-08-17 14:00,1225,346,193,51
E010,2026-08-17 17:00,1194,411,190,69
E010,2026-08-17 20:00,1184,325,243,63
E010,2026-08-17 23:00,1218,473,230,28
E010,2026-08-18 02:00,1219,253,229,75
E010,2026-08-18 05:00,1221,452,217,79
E010,2026-08-18 08:00,1258,281,173,142
E010,2026-08-18 11:00,1232,489,176,81
E010,2026-08-18 14:00,1220,351,214,121
E010,2026-08-18 17:00,1268,260,190,41
E010,2026-08-18 20:00,1256,347,242,114
E010,2026-08-18 23:00,1210,457,199,95
E010,2026-08-19 02:00,1235,296,233,77
E010,2026-08-19 05:00,1231,206,169,142
E010,2026-08-19 08:00,1282,345,200,68
E010,2026-08-19 11:00,1245,346,195,75
E010,2026-08-19 14:00,1276,235,197,62
E010,2026-08-19 17:00,1220,347,197,80
